Country,Year,Estimated GNI female,ISO_Code
Afghanistan,1995,692,4
Afghanistan,1996,692,4
Afghanistan,1997,692,4
Afghanistan,1998,692,4
Afghanistan,1999,692,4
Afghanistan,2000,445,4
Afghanistan,2001,445,4
Afghanistan,2002,445,4
Afghanistan,2003,445,4
Afghanistan,2004,445,4
Afghanistan,2005,665,4
Afghanistan,2006,665,4
Afghanistan,2007,665,4
Afghanistan,2008,665,4
Afghanistan,2009,665,4
Afghanistan,2010,963,4
Afghanistan,2011,944,4
Afghanistan,2012,1044,4
Afghanistan,2013,1082,4
Afghanistan,2014,1088,4
Afghanistan,2015,1096,4
Afghanistan,2016,1099,4
Afghanistan,2017,1112,4
Afghanistan,2018,1102,4
Albania,1995,3032,8
Albania,1996,3032,8
Albania,1997,3032,8
Albania,1998,3032,8
Albania,1999,3032,8
Albania,2000,3865,8
Albania,2001,3865,8
Albania,2002,3865,8
Albania,2003,3865,8
Albania,2004,3865,8
Albania,2005,5321,8
Albania,2006,5321,8
Albania,2007,5321,8
Albania,2008,5321,8
Albania,2009,5321,8
Albania,2010,7446,8
Albania,2011,7672,8
Albania,2012,8366,8
Albania,2013,8374,8
Albania,2014,8379,8
Albania,2015,9115,8
Albania,2016,9186,8
Albania,2017,9423,8
Albania,2018,9780,8
Algeria,1995,1820,12
Algeria,1996,1820,12
Algeria,1997,1820,12
Algeria,1998,1820,12
Algeria,1999,1820,12
Algeria,2000,2063,12
Algeria,2001,2063,12
Algeria,2002,2063,12
Algeria,2003,2063,12
Algeria,2004,2063,12
Algeria,2005,2738,12
Algeria,2006,2738,12
Algeria,2007,2738,12
Algeria,2008,2738,12
Algeria,2009,2738,12
Algeria,2010,3654,12
Algeria,2011,3855,12
Algeria,2012,4081,12
Algeria,2013,4182,12
Algeria,2014,4059,12
Algeria,2015,4072,12
Algeria,2016,4186,12
Algeria,2017,4093,12
Algeria,2018,4104,12
Angola,1995,2424,24
Angola,1996,2424,24
Angola,1997,2424,24
Angola,1998,2424,24
Angola,1999,2424,24
Angola,2000,2621,24
Angola,2001,2621,24
Angola,2002,2621,24
Angola,2003,2621,24
Angola,2004,2621,24
Angola,2005,3828,24
Angola,2006,3828,24
Angola,2007,3828,24
Angola,2008,3828,24
Angola,2009,3828,24
Angola,2010,4922,24
Angola,2011,4902,24
Angola,2012,5185,24
Angola,2013,5329,24
Angola,2014,5494,24
Angola,2015,5462,24
Angola,2016,5136,24
Angola,2017,5054,24
Angola,2018,4720,24
Argentina,1995,9107,32
Argentina,1996,9107,32
Argentina,1997,9107,32
Argentina,1998,9107,32
Argentina,1999,9107,32
Argentina,2000,9352,32
Argentina,2001,9352,32
Argentina,2002,9352,32
Argentina,2003,9352,32
Argentina,2004,9352,32
Argentina,2005,8684,32
Argentina,2006,8684,32
Argentina,2007,8684,32
Argentina,2008,8684,32
Argentina,2009,8684,32
Argentina,2010,12214,32
Argentina,2011,12778,32
Argentina,2012,12676,32
Argentina,2013,12797,32
Argentina,2014,12317,32
Argentina,2015,12671,32
Argentina,2016,12406,32
Argentina,2017,12680,32
Argentina,2018,12085,32
Armenia,1995,1574,51
Armenia,1996,1574,51
Armenia,1997,1574,51
Armenia,1998,1574,51
Armenia,1999,1574,51
Armenia,2000,1766,51
Armenia,2001,1766,51
Armenia,2002,1766,51
Armenia,2003,1766,51
Armenia,2004,1766,51
Armenia,2005,3511,51
Armenia,2006,3511,51
Armenia,2007,3511,51
Armenia,2008,3511,51
Armenia,2009,3511,51
Armenia,2010,4344,51
Armenia,2011,5069,51
Armenia,2012,5431,51
Armenia,2013,5599,51
Armenia,2014,5701,51
Armenia,2015,5911,51
Armenia,2016,5682,51
Armenia,2017,6193,51
Armenia,2018,6341,51
Australia,1995,21060,36
Australia,1996,21060,36
Australia,1997,21060,36
Australia,1998,21060,36
Australia,1999,21060,36
Australia,2000,25310,36
Australia,2001,25310,36
Australia,2002,25310,36
Australia,2003,25310,36
Australia,2004,25310,36
Australia,2005,28355,36
Australia,2006,28355,36
Australia,2007,28355,36
Australia,2008,28355,36
Australia,2009,28355,36
Australia,2010,31708,36
Australia,2011,32083,36
Australia,2012,33196,36
Australia,2013,33768,36
Australia,2014,34196,36
Australia,2015,34832,36
Australia,2016,35366,36
Australia,2017,35586,36
Australia,2018,35897,36
Austria,1995,23695,40
Austria,1996,23695,40
Austria,1997,23695,40
Austria,1998,23695,40
Austria,1999,23695,40
Austria,2000,24132,40
Austria,2001,24132,40
Austria,2002,24132,40
Austria,2003,24132,40
Austria,2004,24132,40
Austria,2005,26373,40
Austria,2006,26373,40
Austria,2007,26373,40
Austria,2008,26373,40
Austria,2009,26373,40
Austria,2010,33291,40
Austria,2011,30325,40
Austria,2012,30569,40
Austria,2013,30646,40
Austria,2014,34593,40
Austria,2015,30603,40
Austria,2016,31404,40
Austria,2017,31931,40
Austria,2018,32617,40
Azerbaijan,1995,2625,31
Azerbaijan,1996,2625,31
Azerbaijan,1997,2625,31
Azerbaijan,1998,2625,31
Azerbaijan,1999,2625,31
Azerbaijan,2000,3430,31
Azerbaijan,2001,3430,31
Azerbaijan,2002,3430,31
Azerbaijan,2003,3430,31
Azerbaijan,2004,3430,31
Azerbaijan,2005,4456,31
Azerbaijan,2006,4456,31
Azerbaijan,2007,4456,31
Azerbaijan,2008,4456,31
Azerbaijan,2009,4456,31
Azerbaijan,2010,10466,31
Azerbaijan,2011,9578,31
Azerbaijan,2012,9260,31
Azerbaijan,2013,9835,31
Azerbaijan,2014,11253,31
Azerbaijan,2015,11048,31
Azerbaijan,2016,9780,31
Azerbaijan,2017,9881,31
Azerbaijan,2018,9850,31
Bahamas,1995,24513,44
Bahamas,1996,24513,44
Bahamas,1997,24513,44
Bahamas,1998,24513,44
Bahamas,1999,24513,44
Bahamas,2000,25827,44
Bahamas,2001,25827,44
Bahamas,2002,25827,44
Bahamas,2003,25827,44
Bahamas,2004,25827,44
Bahamas,2005,25458,44
Bahamas,2006,25458,44
Bahamas,2007,25458,44
Bahamas,2008,25458,44
Bahamas,2009,25458,44
Bahamas,2010,23499,44
Bahamas,2011,23423,44
Bahamas,2012,24105,44
Bahamas,2013,23833,44
Bahamas,2014,23051,44
Bahamas,2015,23043,44
Bahamas,2016,22181,44
Bahamas,2017,22649,44
Bahamas,2018,22827,44
Bahrain,1995,19977,48
Bahrain,1996,19977,48
Bahrain,1997,19977,48
Bahrain,1998,19977,48
Bahrain,1999,19977,48
Bahrain,2000,21799,48
Bahrain,2001,21799,48
Bahrain,2002,21799,48
Bahrain,2003,21799,48
Bahrain,2004,21799,48
Bahrain,2005,25514,48
Bahrain,2006,25514,48
Bahrain,2007,25514,48
Bahrain,2008,25514,48
Bahrain,2009,25514,48
Bahrain,2010,27568,48
Bahrain,2011,26208,48
Bahrain,2012,16254,48
Bahrain,2013,17045,48
Bahrain,2014,16697,48
Bahrain,2015,19272,48
Bahrain,2016,18973,48
Bahrain,2017,19077,48
Bahrain,2018,18418,48
Bangladesh,1995,533,50
Bangladesh,1996,533,50
Bangladesh,1997,533,50
Bangladesh,1998,533,50
Bangladesh,1999,533,50
Bangladesh,2000,650,50
Bangladesh,2001,650,50
Bangladesh,2002,650,50
Bangladesh,2003,650,50
Bangladesh,2004,650,50
Bangladesh,2005,813,50
Bangladesh,2006,813,50
Bangladesh,2007,813,50
Bangladesh,2008,813,50
Bangladesh,2009,813,50
Bangladesh,2010,1223,50
Bangladesh,2011,1309,50
Bangladesh,2012,1410,50
Bangladesh,2013,1668,50
Bangladesh,2014,1757,50
Bangladesh,2015,1880,50
Bangladesh,2016,2011,50
Bangladesh,2017,2210,50
Bangladesh,2018,2373,50
Barbados,1995,10174,52
Barbados,1996,10174,52
Barbados,1997,10174,52
Barbados,1998,10174,52
Barbados,1999,10174,52
Barbados,2000,11827,52
Barbados,2001,11827,52
Barbados,2002,11827,52
Barbados,2003,11827,52
Barbados,2004,11827,52
Barbados,2005,12334,52
Barbados,2006,12334,52
Barbados,2007,12334,52
Barbados,2008,12334,52
Barbados,2009,12334,52
Barbados,2010,13366,52
Barbados,2011,12781,52
Barbados,2012,13166,52
Barbados,2013,13279,52
Barbados,2014,13457,52
Barbados,2015,13416,52
Barbados,2016,13541,52
Barbados,2017,13780,52
Barbados,2018,13686,52
Belarus,1995,4353,112
Belarus,1996,4353,112
Belarus,1997,4353,112
Belarus,1998,4353,112
Belarus,1999,4353,112
Belarus,2000,6196,112
Belarus,2001,6196,112
Belarus,2002,6196,112
Belarus,2003,6196,112
Belarus,2004,6196,112
Belarus,2005,9168,112
Belarus,2006,9168,112
Belarus,2007,9168,112
Belarus,2008,9168,112
Belarus,2009,9168,112
Belarus,2010,12850,112
Belarus,2011,13237,112
Belarus,2012,13519,112
Belarus,2013,13473,112
Belarus,2014,13986,112
Belarus,2015,13201,112
Belarus,2016,13061,112
Belarus,2017,13515,112
Belarus,2018,13923,112
Belgium,1995,22625,56
Belgium,1996,22625,56
Belgium,1997,22625,56
Belgium,1998,22625,56
Belgium,1999,22625,56
Belgium,2000,27009,56
Belgium,2001,27009,56
Belgium,2002,27009,56
Belgium,2003,27009,56
Belgium,2004,27009,56
Belgium,2005,29283,56
Belgium,2006,29283,56
Belgium,2007,29283,56
Belgium,2008,29283,56
Belgium,2009,29283,56
Belgium,2010,32583,56
Belgium,2011,31936,56
Belgium,2012,32278,56
Belgium,2013,32670,56
Belgium,2014,32745,56
Belgium,2015,33214,56
Belgium,2016,33629,56
Belgium,2017,34453,56
Belgium,2018,34929,56
Belize,1995,2907,84
Belize,1996,2907,84
Belize,1997,2907,84
Belize,1998,2907,84
Belize,1999,2907,84
Belize,2000,3428,84
Belize,2001,3428,84
Belize,2002,3428,84
Belize,2003,3428,84
Belize,2004,3428,84
Belize,2005,4213,84
Belize,2006,4213,84
Belize,2007,4213,84
Belize,2008,4213,84
Belize,2009,4213,84
Belize,2010,4794,84
Belize,2011,4959,84
Belize,2012,5576,84
Belize,2013,5488,84
Belize,2014,5505,84
Belize,2015,5704,84
Belize,2016,5782,84
Belize,2017,5609,84
Belize,2018,5665,84
Benin,1995,1052,204
Benin,1996,1052,204
Benin,1997,1052,204
Benin,1998,1052,204
Benin,1999,1052,204
Benin,2000,1271,204
Benin,2001,1271,204
Benin,2002,1271,204
Benin,2003,1271,204
Benin,2004,1271,204
Benin,2005,1406,204
Benin,2006,1406,204
Benin,2007,1406,204
Benin,2008,1406,204
Benin,2009,1406,204
Benin,2010,1588,204
Benin,2011,1573,204
Benin,2012,1595,204
Benin,2013,1664,204
Benin,2014,1727,204
Benin,2015,1714,204
Benin,2016,1742,204
Benin,2017,1791,204
Benin,2018,1863,204
Bhutan,1995,1678,64
Bhutan,1996,1678,64
Bhutan,1997,1678,64
Bhutan,1998,1678,64
Bhutan,1999,1678,64
Bhutan,2000,2493,64
Bhutan,2001,2493,64
Bhutan,2002,2493,64
Bhutan,2003,2493,64
Bhutan,2004,2493,64
Bhutan,2005,3397,64
Bhutan,2006,3397,64
Bhutan,2007,3397,64
Bhutan,2008,3397,64
Bhutan,2009,3397,64
Bhutan,2010,5036,64
Bhutan,2011,5296,64
Bhutan,2012,5725,64
Bhutan,2013,5274,64
Bhutan,2014,5325,64
Bhutan,2015,5731,64
Bhutan,2016,6023,64
Bhutan,2017,6284,64
Bhutan,2018,6388,64
Bosnia and Herzegovina,1995,1057,70
Bosnia and Herzegovina,1996,1057,70
Bosnia and Herzegovina,1997,1057,70
Bosnia and Herzegovina,1998,1057,70
Bosnia and Herzegovina,1999,1057,70
Bosnia and Herzegovina,2000,4634,70
Bosnia and Herzegovina,2001,4634,70
Bosnia and Herzegovina,2002,4634,70
Bosnia and Herzegovina,2003,4634,70
Bosnia and Herzegovina,2004,4634,70
Bosnia and Herzegovina,2005,5655,70
Bosnia and Herzegovina,2006,5655,70
Bosnia and Herzegovina,2007,5655,70
Bosnia and Herzegovina,2008,5655,70
Bosnia and Herzegovina,2009,5655,70
Bosnia and Herzegovina,2010,6691,70
Bosnia and Herzegovina,2011,7293,70
Bosnia and Herzegovina,2012,6805,70
Bosnia and Herzegovina,2013,7113,70
Bosnia and Herzegovina,2014,7277,70
Bosnia and Herzegovina,2015,7579,70
Bosnia and Herzegovina,2016,7784,70
Bosnia and Herzegovina,2017,8123,70
Bosnia and Herzegovina,2018,8433,70
Botswana,1995,7052,72
Botswana,1996,7052,72
Botswana,1997,7052,72
Botswana,1998,7052,72
Botswana,1999,7052,72
Botswana,2000,7834,72
Botswana,2001,7834,72
Botswana,2002,7834,72
Botswana,2003,7834,72
Botswana,2004,7834,72
Botswana,2005,7906,72
Botswana,2006,7906,72
Botswana,2007,7906,72
Botswana,2008,7906,72
Botswana,2009,7906,72
Botswana,2010,10824,72
Botswana,2011,12236,72
Botswana,2012,12776,72
Botswana,2013,13520,72
Botswana,2014,13966,72
Botswana,2015,13609,72
Botswana,2016,13588,72
Botswana,2017,13826,72
Botswana,2018,14177,72
Brazil,1995,7409,76
Brazil,1996,7409,76
Brazil,1997,7409,76
Brazil,1998,7409,76
Brazil,1999,7409,76
Brazil,2000,7814,76
Brazil,2001,7814,76
Brazil,2002,7814,76
Brazil,2003,7814,76
Brazil,2004,7814,76
Brazil,2005,9796,76
Brazil,2006,9796,76
Brazil,2007,9796,76
Brazil,2008,9796,76
Brazil,2009,9796,76
Brazil,2010,10876,76
Brazil,2011,11888,76
Brazil,2012,12484,76
Brazil,2013,11715,76
Brazil,2014,12120,76
Brazil,2015,12689,76
Brazil,2016,10186,76
Brazil,2017,10366,76
Brazil,2018,10432,76
Bulgaria,1995,6699,100
Bulgaria,1996,6699,100
Bulgaria,1997,6699,100
Bulgaria,1998,6699,100
Bulgaria,1999,6699,100
Bulgaria,2000,6605,100
Bulgaria,2001,6605,100
Bulgaria,2002,6605,100
Bulgaria,2003,6605,100
Bulgaria,2004,6605,100
Bulgaria,2005,9992,100
Bulgaria,2006,9992,100
Bulgaria,2007,9992,100
Bulgaria,2008,9992,100
Bulgaria,2009,9992,100
Bulgaria,2010,11942,100
Bulgaria,2011,12192,100
Bulgaria,2012,12428,100
Bulgaria,2013,12540,100
Bulgaria,2014,12933,100
Bulgaria,2015,13206,100
Bulgaria,2016,14102,100
Bulgaria,2017,15016,100
Bulgaria,2018,15622,100
Burkina Faso,1995,706,854
Burkina Faso,1996,706,854
Burkina Faso,1997,706,854
Burkina Faso,1998,706,854
Burkina Faso,1999,706,854
Burkina Faso,2000,815,854
Burkina Faso,2001,815,854
Burkina Faso,2002,815,854
Burkina Faso,2003,815,854
Burkina Faso,2004,815,854
Burkina Faso,2005,921,854
Burkina Faso,2006,921,854
Burkina Faso,2007,921,854
Burkina Faso,2008,921,854
Burkina Faso,2009,921,854
Burkina Faso,2010,1056,854
Burkina Faso,2011,1084,854
Burkina Faso,2012,1149,854
Burkina Faso,2013,1192,854
Burkina Faso,2014,1202,854
Burkina Faso,2015,1209,854
Burkina Faso,2016,1239,854
Burkina Faso,2017,1287,854
Burkina Faso,2018,1336,854
Burundi,1995,727,108
Burundi,1996,727,108
Burundi,1997,727,108
Burundi,1998,727,108
Burundi,1999,727,108
Burundi,2000,643,108
Burundi,2001,643,108
Burundi,2002,643,108
Burundi,2003,643,108
Burundi,2004,643,108
Burundi,2005,601,108
Burundi,2006,601,108
Burundi,2007,601,108
Burundi,2008,601,108
Burundi,2009,601,108
Burundi,2010,670,108
Burundi,2011,843,108
Burundi,2012,859,108
Burundi,2013,879,108
Burundi,2014,886,108
Burundi,2015,827,108
Burundi,2016,796,108
Burundi,2017,774,108
Burundi,2018,763,108
Cambodia,1995,920,116
Cambodia,1996,920,116
Cambodia,1997,920,116
Cambodia,1998,920,116
Cambodia,1999,920,116
Cambodia,2000,1405,116
Cambodia,2001,1405,116
Cambodia,2002,1405,116
Cambodia,2003,1405,116
Cambodia,2004,1405,116
Cambodia,2005,1567,116
Cambodia,2006,1567,116
Cambodia,2007,1567,116
Cambodia,2008,1567,116
Cambodia,2009,1567,116
Cambodia,2010,2056,116
Cambodia,2011,2060,116
Cambodia,2012,2300,116
Cambodia,2013,2420,116
Cambodia,2014,2530,116
Cambodia,2015,2649,116
Cambodia,2016,2830,116
Cambodia,2017,2976,116
Cambodia,2018,3128,116
Cameroon,1995,1819,120
Cameroon,1996,1819,120
Cameroon,1997,1819,120
Cameroon,1998,1819,120
Cameroon,1999,1819,120
Cameroon,2000,1971,120
Cameroon,2001,1971,120
Cameroon,2002,1971,120
Cameroon,2003,1971,120
Cameroon,2004,1971,120
Cameroon,2005,2218,120
Cameroon,2006,2218,120
Cameroon,2007,2218,120
Cameroon,2008,2218,120
Cameroon,2009,2218,120
Cameroon,2010,2347,120
Cameroon,2011,2377,120
Cameroon,2012,2407,120
Cameroon,2013,2460,120
Cameroon,2014,2566,120
Cameroon,2015,2628,120
Cameroon,2016,2672,120
Cameroon,2017,2693,120
Cameroon,2018,2724,120
Canada,1995,22372,124
Canada,1996,22372,124
Canada,1997,22372,124
Canada,1998,22372,124
Canada,1999,22372,124
Canada,2000,26805,124
Canada,2001,26805,124
Canada,2002,26805,124
Canada,2003,26805,124
Canada,2004,26805,124
Canada,2005,30528,124
Canada,2006,30528,124
Canada,2007,30528,124
Canada,2008,30528,124
Canada,2009,30528,124
Canada,2010,31599,124
Canada,2011,32544,124
Canada,2012,32842,124
Canada,2013,33473,124
Canada,2014,33921,124
Canada,2015,33905,124
Canada,2016,34274,124
Canada,2017,35012,124
Canada,2018,35120,124
Central African Republic,1995,685,140
Central African Republic,1996,685,140
Central African Republic,1997,685,140
Central African Republic,1998,685,140
Central African Republic,1999,685,140
Central African Republic,2000,653,140
Central African Republic,2001,653,140
Central African Republic,2002,653,140
Central African Republic,2003,653,140
Central African Republic,2004,653,140
Central African Republic,2005,648,140
Central African Republic,2006,648,140
Central African Republic,2007,648,140
Central African Republic,2008,648,140
Central African Republic,2009,648,140
Central African Republic,2010,796,140
Central African Republic,2011,819,140
Central African Republic,2012,856,140
Central African Republic,2013,542,140
Central African Republic,2014,541,140
Central African Republic,2015,562,140
Central African Republic,2016,584,140
Central African Republic,2017,605,140
Central African Republic,2018,622,140
Chad,1995,791,148
Chad,1996,791,148
Chad,1997,791,148
Chad,1998,791,148
Chad,1999,791,148
Chad,2000,741,148
Chad,2001,741,148
Chad,2002,741,148
Chad,2003,741,148
Chad,2004,741,148
Chad,2005,1147,148
Chad,2006,1147,148
Chad,2007,1147,148
Chad,2008,1147,148
Chad,2009,1147,148
Chad,2010,1465,148
Chad,2011,1429,148
Chad,2012,1510,148
Chad,2013,1511,148
Chad,2014,1572,148
Chad,2015,1599,148
Chad,2016,1470,148
Chad,2017,1392,148
Chad,2018,1377,148
Chile,1995,6175,152
Chile,1996,6175,152
Chile,1997,6175,152
Chile,1998,6175,152
Chile,1999,6175,152
Chile,2000,7743,152
Chile,2001,7743,152
Chile,2002,7743,152
Chile,2003,7743,152
Chile,2004,7743,152
Chile,2005,9421,152
Chile,2006,9421,152
Chile,2007,9421,152
Chile,2008,9421,152
Chile,2009,9421,152
Chile,2010,11768,152
Chile,2011,12750,152
Chile,2012,13586,152
Chile,2013,14078,152
Chile,2014,14429,152
Chile,2015,14733,152
Chile,2016,14929,152
Chile,2017,14801,152
Chile,2018,15212,152
China,1995,1973,156
China,1996,1973,156
China,1997,1973,156
China,1998,1973,156
China,1999,1973,156
China,2000,2855,156
China,2001,2855,156
China,2002,2855,156
China,2003,2855,156
China,2004,2855,156
China,2005,4383,156
China,2006,4383,156
China,2007,4383,156
China,2008,4383,156
China,2009,4383,156
China,2010,7511,156
China,2011,8141,156
China,2012,8796,156
China,2013,9368,156
China,2014,10086,156
China,2015,10658,156
China,2016,11294,156
China,2017,11983,156
China,2018,12665,156
Colombia,1995,5629,170
Colombia,1996,5629,170
Colombia,1997,5629,170
Colombia,1998,5629,170
Colombia,1999,5629,170
Colombia,2000,5894,170
Colombia,2001,5894,170
Colombia,2002,5894,170
Colombia,2003,5894,170
Colombia,2004,5894,170
Colombia,2005,6366,170
Colombia,2006,6366,170
Colombia,2007,6366,170
Colombia,2008,6366,170
Colombia,2009,6366,170
Colombia,2010,8243,170
Colombia,2011,8773,170
Colombia,2012,9095,170
Colombia,2013,9522,170
Colombia,2014,9607,170
Colombia,2015,10254,170
Colombia,2016,10362,170
Colombia,2017,10270,170
Colombia,2018,10235,170
Comoros,1995,1430,174
Comoros,1996,1430,174
Comoros,1997,1430,174
Comoros,1998,1430,174
Comoros,1999,1430,174
Comoros,2000,1485,174
Comoros,2001,1485,174
Comoros,2002,1485,174
Comoros,2003,1485,174
Comoros,2004,1485,174
Comoros,2005,1562,174
Comoros,2006,1562,174
Comoros,2007,1562,174
Comoros,2008,1562,174
Comoros,2009,1562,174
Comoros,2010,1748,174
Comoros,2011,1791,174
Comoros,2012,1801,174
Comoros,2013,1854,174
Comoros,2014,1863,174
Comoros,2015,1847,174
Comoros,2016,1859,174
Comoros,2017,1877,174
Comoros,2018,1812,174
Costa Rica,1995,4773,188
Costa Rica,1996,4773,188
Costa Rica,1997,4773,188
Costa Rica,1998,4773,188
Costa Rica,1999,4773,188
Costa Rica,2000,5553,188
Costa Rica,2001,5553,188
Costa Rica,2002,5553,188
Costa Rica,2003,5553,188
Costa Rica,2004,5553,188
Costa Rica,2005,7576,188
Costa Rica,2006,7576,188
Costa Rica,2007,7576,188
Costa Rica,2008,7576,188
Costa Rica,2009,7576,188
Costa Rica,2010,8910,188
Costa Rica,2011,9403,188
Costa Rica,2012,10044,188
Costa Rica,2013,10097,188
Costa Rica,2014,10014,188
Costa Rica,2015,10429,188
Costa Rica,2016,10225,188
Costa Rica,2017,10396,188
Costa Rica,2018,10565,188
Croatia,1995,8988,191
Croatia,1996,8988,191
Croatia,1997,8988,191
Croatia,1998,8988,191
Croatia,1999,8988,191
Croatia,2000,12295,191
Croatia,2001,12295,191
Croatia,2002,12295,191
Croatia,2003,12295,191
Croatia,2004,12295,191
Croatia,2005,16223,191
Croatia,2006,16223,191
Croatia,2007,16223,191
Croatia,2008,16223,191
Croatia,2009,16223,191
Croatia,2010,16853,191
Croatia,2011,16547,191
Croatia,2012,16287,191
Croatia,2013,16609,191
Croatia,2014,16876,191
Croatia,2015,17677,191
Croatia,2016,17869,191
Croatia,2017,18853,191
Croatia,2018,19442,191
Cuba,1995,1891,192
Cuba,1996,1891,192
Cuba,1997,1891,192
Cuba,1998,1891,192
Cuba,1999,1891,192
Cuba,2000,2308,192
Cuba,2001,2308,192
Cuba,2002,2308,192
Cuba,2003,2308,192
Cuba,2004,2308,192
Cuba,2005,3074,192
Cuba,2006,3074,192
Cuba,2007,3074,192
Cuba,2008,3074,192
Cuba,2009,3074,192
Cuba,2010,4347,192
Cuba,2011,4487,192
Cuba,2012,4582,192
Cuba,2013,4703,192
Cuba,2014,4734,192
Cuba,2015,4921,192
Cuba,2016,4922,192
Cuba,2017,4989,192
Cuba,2018,5035,192
Cyprus,1995,15907,196
Cyprus,1996,15907,196
Cyprus,1997,15907,196
Cyprus,1998,15907,196
Cyprus,1999,15907,196
Cyprus,2000,18387,196
Cyprus,2001,18387,196
Cyprus,2002,18387,196
Cyprus,2003,18387,196
Cyprus,2004,18387,196
Cyprus,2005,22665,196
Cyprus,2006,22665,196
Cyprus,2007,22665,196
Cyprus,2008,22665,196
Cyprus,2009,22665,196
Cyprus,2010,26014,196
Cyprus,2011,26670,196
Cyprus,2012,24593,196
Cyprus,2013,23297,196
Cyprus,2014,23805,196
Cyprus,2015,26213,196
Cyprus,2016,26312,196
Cyprus,2017,26951,196
Cyprus,2018,27792,196
Czechia,1995,13864,203
Czechia,1996,13864,203
Czechia,1997,13864,203
Czechia,1998,13864,203
Czechia,1999,13864,203
Czechia,2000,15197,203
Czechia,2001,15197,203
Czechia,2002,15197,203
Czechia,2003,15197,203
Czechia,2004,15197,203
Czechia,2005,17835,203
Czechia,2006,17835,203
Czechia,2007,17835,203
Czechia,2008,17835,203
Czechia,2009,17835,203
Czechia,2010,18774,203
Czechia,2011,19604,203
Czechia,2012,19840,203
Czechia,2013,19987,203
Czechia,2014,20241,203
Czechia,2015,21420,203
Czechia,2016,22148,203
Czechia,2017,23255,203
Czechia,2018,24114,203
Denmark,1995,27635,208
Denmark,1996,27635,208
Denmark,1997,27635,208
Denmark,1998,27635,208
Denmark,1999,27635,208
Denmark,2000,32357,208
Denmark,2001,32357,208
Denmark,2002,32357,208
Denmark,2003,32357,208
Denmark,2004,32357,208
Denmark,2005,35323,208
Denmark,2006,35323,208
Denmark,2007,35323,208
Denmark,2008,35323,208
Denmark,2009,35323,208
Denmark,2010,36962,208
Denmark,2011,37919,208
Denmark,2012,38064,208
Denmark,2013,38794,208
Denmark,2014,39155,208
Denmark,2015,39378,208
Denmark,2016,40102,208
Denmark,2017,40607,208
Denmark,2018,41027,208
Djibouti,1995,1204,262
Djibouti,1996,1204,262
Djibouti,1997,1204,262
Djibouti,1998,1204,262
Djibouti,1999,1204,262
Djibouti,2000,1145,262
Djibouti,2001,1145,262
Djibouti,2002,1145,262
Djibouti,2003,1145,262
Djibouti,2004,1145,262
Djibouti,2005,1350,262
Djibouti,2006,1350,262
Djibouti,2007,1350,262
Djibouti,2008,1350,262
Djibouti,2009,1350,262
Djibouti,2010,1907,262
Djibouti,2011,1999,262
Djibouti,2012,2070,262
Djibouti,2013,2229,262
Djibouti,2014,2374,262
Djibouti,2015,2575,262
Djibouti,2016,2741,262
Djibouti,2017,2803,262
Djibouti,2018,2900,262
Dominican Republic,1995,3250,214
Dominican Republic,1996,3250,214
Dominican Republic,1997,3250,214
Dominican Republic,1998,3250,214
Dominican Republic,1999,3250,214
Dominican Republic,2000,4493,214
Dominican Republic,2001,4493,214
Dominican Republic,2002,4493,214
Dominican Republic,2003,4493,214
Dominican Republic,2004,4493,214
Dominican Republic,2005,5360,214
Dominican Republic,2006,5360,214
Dominican Republic,2007,5360,214
Dominican Republic,2008,5360,214
Dominican Republic,2009,5360,214
Dominican Republic,2010,7194,214
Dominican Republic,2011,7753,214
Dominican Republic,2012,8030,214
Dominican Republic,2013,8185,214
Dominican Republic,2014,8614,214
Dominican Republic,2015,9554,214
Dominican Republic,2016,10144,214
Dominican Republic,2017,10504,214
Dominican Republic,2018,11175,214
Ecuador,1995,4649,218
Ecuador,1996,4649,218
Ecuador,1997,4649,218
Ecuador,1998,4649,218
Ecuador,1999,4649,218
Ecuador,2000,4403,218
Ecuador,2001,4403,218
Ecuador,2002,4403,218
Ecuador,2003,4403,218
Ecuador,2004,4403,218
Ecuador,2005,5305,218
Ecuador,2006,5305,218
Ecuador,2007,5305,218
Ecuador,2008,5305,218
Ecuador,2009,5305,218
Ecuador,2010,6155,218
Ecuador,2011,6493,218
Ecuador,2012,6881,218
Ecuador,2013,7059,218
Ecuador,2014,7083,218
Ecuador,2015,7242,218
Ecuador,2016,7321,218
Ecuador,2017,7370,218
Ecuador,2018,7319,218
Egypt,1995,2465,818
Egypt,1996,2465,818
Egypt,1997,2465,818
Egypt,1998,2465,818
Egypt,1999,2465,818
Egypt,2000,2587,818
Egypt,2001,2587,818
Egypt,2002,2587,818
Egypt,2003,2587,818
Egypt,2004,2587,818
Egypt,2005,2911,818
Egypt,2006,2911,818
Egypt,2007,2911,818
Egypt,2008,2911,818
Egypt,2009,2911,818
Egypt,2010,3630,818
Egypt,2011,4541,818
Egypt,2012,4609,818
Egypt,2013,4143,818
Egypt,2014,4230,818
Egypt,2015,4383,818
Egypt,2016,4195,818
Egypt,2017,4243,818
Egypt,2018,4365,818
El Salvador,1995,3153,222
El Salvador,1996,3153,222
El Salvador,1997,3153,222
El Salvador,1998,3153,222
El Salvador,1999,3153,222
El Salvador,2000,3592,222
El Salvador,2001,3592,222
El Salvador,2002,3592,222
El Salvador,2003,3592,222
El Salvador,2004,3592,222
El Salvador,2005,3822,222
El Salvador,2006,3822,222
El Salvador,2007,3822,222
El Salvador,2008,3822,222
El Salvador,2009,3822,222
El Salvador,2010,4733,222
El Salvador,2011,4898,222
El Salvador,2012,4891,222
El Salvador,2013,5330,222
El Salvador,2014,5133,222
El Salvador,2015,5140,222
El Salvador,2016,5177,222
El Salvador,2017,5117,222
El Salvador,2018,5234,222
Equatorial Guinea,1995,1318,226
Equatorial Guinea,1996,1318,226
Equatorial Guinea,1997,1318,226
Equatorial Guinea,1998,1318,226
Equatorial Guinea,1999,1318,226
Equatorial Guinea,2000,6502,226
Equatorial Guinea,2001,6502,226
Equatorial Guinea,2002,6502,226
Equatorial Guinea,2003,6502,226
Equatorial Guinea,2004,6502,226
Equatorial Guinea,2005,14636,226
Equatorial Guinea,2006,14636,226
Equatorial Guinea,2007,14636,226
Equatorial Guinea,2008,14636,226
Equatorial Guinea,2009,14636,226
Equatorial Guinea,2010,15601,226
Equatorial Guinea,2011,16119,226
Equatorial Guinea,2012,17362,226
Equatorial Guinea,2013,16826,226
Equatorial Guinea,2014,16400,226
Equatorial Guinea,2015,16918,226
Equatorial Guinea,2016,15356,226
Equatorial Guinea,2017,14097,226
Equatorial Guinea,2018,12783,226
Eritrea,1995,1675,232
Eritrea,1996,1675,232
Eritrea,1997,1675,232
Eritrea,1998,1675,232
Eritrea,1999,1675,232
Eritrea,2000,1900,232
Eritrea,2001,1900,232
Eritrea,2002,1900,232
Eritrea,2003,1900,232
Eritrea,2004,1900,232
Eritrea,2005,1788,232
Eritrea,2006,1788,232
Eritrea,2007,1788,232
Eritrea,2008,1788,232
Eritrea,2009,1788,232
Eritrea,2010,1591,232
Eritrea,2011,1708,232
Eritrea,2012,1289,232
Eritrea,2013,1321,232
Eritrea,2014,1331,232
Eritrea,2015,1338,232
Eritrea,2016,1336,232
Eritrea,2017,1373,232
Eritrea,2018,1404,232
Estonia,1995,8672,233
Estonia,1996,8672,233
Estonia,1997,8672,233
Estonia,1998,8672,233
Estonia,1999,8672,233
Estonia,2000,11784,233
Estonia,2001,11784,233
Estonia,2002,11784,233
Estonia,2003,11784,233
Estonia,2004,11784,233
Estonia,2005,17473,233
Estonia,2006,17473,233
Estonia,2007,17473,233
Estonia,2008,17473,233
Estonia,2009,17473,233
Estonia,2010,16564,233
Estonia,2011,17877,233
Estonia,2012,18788,233
Estonia,2013,19456,233
Estonia,2014,19722,233
Estonia,2015,20402,233
Estonia,2016,21066,233
Estonia,2017,22147,233
Estonia,2018,22999,233
Ethiopia,1995,418,231
Ethiopia,1996,418,231
Ethiopia,1997,418,231
Ethiopia,1998,418,231
Ethiopia,1999,418,231
Ethiopia,2000,466,231
Ethiopia,2001,466,231
Ethiopia,2002,466,231
Ethiopia,2003,466,231
Ethiopia,2004,466,231
Ethiopia,2005,498,231
Ethiopia,2006,498,231
Ethiopia,2007,498,231
Ethiopia,2008,498,231
Ethiopia,2009,498,231
Ethiopia,2010,784,231
Ethiopia,2011,849,231
Ethiopia,2012,898,231
Ethiopia,2013,966,231
Ethiopia,2014,1040,231
Ethiopia,2015,1120,231
Ethiopia,2016,1199,231
Ethiopia,2017,1281,231
Ethiopia,2018,1332,231
Fiji,1995,3354,242
Fiji,1996,3354,242
Fiji,1997,3354,242
Fiji,1998,3354,242
Fiji,1999,3354,242
Fiji,2000,3583,242
Fiji,2001,3583,242
Fiji,2002,3583,242
Fiji,2003,3583,242
Fiji,2004,3583,242
Fiji,2005,4611,242
Fiji,2006,4611,242
Fiji,2007,4611,242
Fiji,2008,4611,242
Fiji,2009,4611,242
Fiji,2010,4933,242
Fiji,2011,5156,242
Fiji,2012,5117,242
Fiji,2013,5421,242
Fiji,2014,5368,242
Fiji,2015,5449,242
Fiji,2016,5449,242
Fiji,2017,5594,242
Fiji,2018,5838,242
Finland,1995,21034,246
Finland,1996,21034,246
Finland,1997,21034,246
Finland,1998,21034,246
Finland,1999,21034,246
Finland,2000,27419,246
Finland,2001,27419,246
Finland,2002,27419,246
Finland,2003,27419,246
Finland,2004,27419,246
Finland,2005,31554,246
Finland,2006,31554,246
Finland,2007,31554,246
Finland,2008,31554,246
Finland,2009,31554,246
Finland,2010,34074,246
Finland,2011,33532,246
Finland,2012,34235,246
Finland,2013,32779,246
Finland,2014,32869,246
Finland,2015,33335,246
Finland,2016,34119,246
Finland,2017,34519,246
Finland,2018,35066,246
France,1995,22557,250
France,1996,22557,250
France,1997,22557,250
France,1998,22557,250
France,1999,22557,250
France,2000,25753,250
France,2001,25753,250
France,2002,25753,250
France,2003,25753,250
France,2004,25753,250
France,2005,27908,250
France,2006,27908,250
France,2007,27908,250
France,2008,27908,250
France,2009,27908,250
France,2010,30509,250
France,2011,31127,250
France,2012,31262,250
France,2013,31443,250
France,2014,31299,250
France,2015,31511,250
France,2016,31763,250
France,2017,32506,250
France,2018,33005,250
Gabon,1995,12225,266
Gabon,1996,12225,266
Gabon,1997,12225,266
Gabon,1998,12225,266
Gabon,1999,12225,266
Gabon,2000,10363,266
Gabon,2001,10363,266
Gabon,2002,10363,266
Gabon,2003,10363,266
Gabon,2004,10363,266
Gabon,2005,10786,266
Gabon,2006,10786,266
Gabon,2007,10786,266
Gabon,2008,10786,266
Gabon,2009,10786,266
Gabon,2010,9639,266
Gabon,2011,9605,266
Gabon,2012,10488,266
Gabon,2013,10899,266
Gabon,2014,11920,266
Gabon,2015,11607,266
Gabon,2016,11584,266
Gabon,2017,11485,266
Gabon,2018,11240,266
Gambia,1995,879,270
Gambia,1996,879,270
Gambia,1997,879,270
Gambia,1998,879,270
Gambia,1999,879,270
Gambia,2000,957,270
Gambia,2001,957,270
Gambia,2002,957,270
Gambia,2003,957,270
Gambia,2004,957,270
Gambia,2005,980,270
Gambia,2006,980,270
Gambia,2007,980,270
Gambia,2008,980,270
Gambia,2009,980,270
Gambia,2010,781,270
Gambia,2011,725,270
Gambia,2012,752,270
Gambia,2013,773,270
Gambia,2014,745,270
Gambia,2015,771,270
Gambia,2016,757,270
Gambia,2017,771,270
Gambia,2018,800,270
Georgia,1995,1379,268
Georgia,1996,1379,268
Georgia,1997,1379,268
Georgia,1998,1379,268
Georgia,1999,1379,268
Georgia,2000,2409,268
Georgia,2001,2409,268
Georgia,2002,2409,268
Georgia,2003,2409,268
Georgia,2004,2409,268
Georgia,2005,3046,268
Georgia,2006,3046,268
Georgia,2007,3046,268
Georgia,2008,3046,268
Georgia,2009,3046,268
Georgia,2010,4287,268
Georgia,2011,4696,268
Georgia,2012,5166,268
Georgia,2013,5480,268
Georgia,2014,5760,268
Georgia,2015,5956,268
Georgia,2016,5953,268
Georgia,2017,6217,268
Georgia,2018,6504,268
Germany,1995,23450,276
Germany,1996,23450,276
Germany,1997,23450,276
Germany,1998,23450,276
Germany,1999,23450,276
Germany,2000,26237,276
Germany,2001,26237,276
Germany,2002,26237,276
Germany,2003,26237,276
Germany,2004,26237,276
Germany,2005,28085,276
Germany,2006,28085,276
Germany,2007,28085,276
Germany,2008,28085,276
Germany,2009,28085,276
Germany,2010,32532,276
Germany,2011,34620,276
Germany,2012,34660,276
Germany,2013,35228,276
Germany,2014,35821,276
Germany,2015,36446,276
Germany,2016,37188,276
Germany,2017,37979,276
Germany,2018,38467,276
Ghana,1995,1645,288
Ghana,1996,1645,288
Ghana,1997,1645,288
Ghana,1998,1645,288
Ghana,1999,1645,288
Ghana,2000,1803,288
Ghana,2001,1803,288
Ghana,2002,1803,288
Ghana,2003,1803,288
Ghana,2004,1803,288
Ghana,2005,2048,288
Ghana,2006,2048,288
Ghana,2007,2048,288
Ghana,2008,2048,288
Ghana,2009,2048,288
Ghana,2010,2513,288
Ghana,2011,2744,288
Ghana,2012,2848,288
Ghana,2013,3062,288
Ghana,2014,3022,288
Ghana,2015,2998,288
Ghana,2016,3014,288
Ghana,2017,3169,288
Ghana,2018,3287,288
Greece,1995,12938,300
Greece,1996,12938,300
Greece,1997,12938,300
Greece,1998,12938,300
Greece,1999,12938,300
Greece,2000,15947,300
Greece,2001,15947,300
Greece,2002,15947,300
Greece,2003,15947,300
Greece,2004,15947,300
Greece,2005,21216,300
Greece,2006,21216,300
Greece,2007,21216,300
Greece,2008,21216,300
Greece,2009,21216,300
Greece,2010,21332,300
Greece,2011,19374,300
Greece,2012,18848,300
Greece,2013,18219,300
Greece,2014,19126,300
Greece,2015,19127,300
Greece,2016,19223,300
Greece,2017,19508,300
Greece,2018,19749,300
Guatemala,1995,2961,320
Guatemala,1996,2961,320
Guatemala,1997,2961,320
Guatemala,1998,2961,320
Guatemala,1999,2961,320
Guatemala,2000,3632,320
Guatemala,2001,3632,320
Guatemala,2002,3632,320
Guatemala,2003,3632,320
Guatemala,2004,3632,320
Guatemala,2005,3866,320
Guatemala,2006,3866,320
Guatemala,2007,3866,320
Guatemala,2008,3866,320
Guatemala,2009,3866,320
Guatemala,2010,4138,320
Guatemala,2011,3940,320
Guatemala,2012,4707,320
Guatemala,2013,4522,320
Guatemala,2014,4574,320
Guatemala,2015,4795,320
Guatemala,2016,4736,320
Guatemala,2017,4806,320
Guatemala,2018,4864,320
Guinea,1995,1112,324
Guinea,1996,1112,324
Guinea,1997,1112,324
Guinea,1998,1112,324
Guinea,1999,1112,324
Guinea,2000,1179,324
Guinea,2001,1179,324
Guinea,2002,1179,324
Guinea,2003,1179,324
Guinea,2004,1179,324
Guinea,2005,1150,324
Guinea,2006,1150,324
Guinea,2007,1150,324
Guinea,2008,1150,324
Guinea,2009,1150,324
Guinea,2010,1290,324
Guinea,2011,1331,324
Guinea,2012,1394,324
Guinea,2013,1430,324
Guinea,2014,1485,324
Guinea,2015,1516,324
Guinea,2016,1662,324
Guinea,2017,1864,324
Guinea,2018,1878,324
Guinea-Bissau,1995,1205,624
Guinea-Bissau,1996,1205,624
Guinea-Bissau,1997,1205,624
Guinea-Bissau,1998,1205,624
Guinea-Bissau,1999,1205,624
Guinea-Bissau,2000,1040,624
Guinea-Bissau,2001,1040,624
Guinea-Bissau,2002,1040,624
Guinea-Bissau,2003,1040,624
Guinea-Bissau,2004,1040,624
Guinea-Bissau,2005,1039,624
Guinea-Bissau,2006,1039,624
Guinea-Bissau,2007,1039,624
Guinea-Bissau,2008,1039,624
Guinea-Bissau,2009,1039,624
Guinea-Bissau,2010,1157,624
Guinea-Bissau,2011,1235,624
Guinea-Bissau,2012,1180,624
Guinea-Bissau,2013,1159,624
Guinea-Bissau,2014,1203,624
Guinea-Bissau,2015,1237,624
Guinea-Bissau,2016,1283,624
Guinea-Bissau,2017,1293,624
Guinea-Bissau,2018,1305,624
Guyana,1995,1838,328
Guyana,1996,1838,328
Guyana,1997,1838,328
Guyana,1998,1838,328
Guyana,1999,1838,328
Guyana,2000,2225,328
Guyana,2001,2225,328
Guyana,2002,2225,328
Guyana,2003,2225,328
Guyana,2004,2225,328
Guyana,2005,2306,328
Guyana,2006,2306,328
Guyana,2007,2306,328
Guyana,2008,2306,328
Guyana,2009,2306,328
Guyana,2010,3286,328
Guyana,2011,3543,328
Guyana,2012,3781,328
Guyana,2013,3974,328
Guyana,2014,4154,328
Guyana,2015,4285,328
Guyana,2016,4462,328
Guyana,2017,4583,328
Guyana,2018,4676,328
Haiti,1995,1288,332
Haiti,1996,1288,332
Haiti,1997,1288,332
Haiti,1998,1288,332
Haiti,1999,1288,332
Haiti,2000,1383,332
Haiti,2001,1383,332
Haiti,2002,1383,332
Haiti,2003,1383,332
Haiti,2004,1383,332
Haiti,2005,1227,332
Haiti,2006,1227,332
Haiti,2007,1227,332
Haiti,2008,1227,332
Haiti,2009,1227,332
Haiti,2010,1241,332
Haiti,2011,1301,332
Haiti,2012,1326,332
Haiti,2013,1362,332
Haiti,2014,1388,332
Haiti,2015,1385,332
Haiti,2016,1388,332
Haiti,2017,1386,332
Haiti,2018,1388,332
Honduras,1995,1742,340
Honduras,1996,1742,340
Honduras,1997,1742,340
Honduras,1998,1742,340
Honduras,1999,1742,340
Honduras,2000,1808,340
Honduras,2001,1808,340
Honduras,2002,1808,340
Honduras,2003,1808,340
Honduras,2004,1808,340
Honduras,2005,2494,340
Honduras,2006,2494,340
Honduras,2007,2494,340
Honduras,2008,2494,340
Honduras,2009,2494,340
Honduras,2010,2835,340
Honduras,2011,2699,340
Honduras,2012,2630,340
Honduras,2013,2787,340
Honduras,2014,2884,340
Honduras,2015,2903,340
Honduras,2016,3015,340
Honduras,2017,3127,340
Honduras,2018,3214,340
Hungary,1995,10828,348
Hungary,1996,10828,348
Hungary,1997,10828,348
Hungary,1998,10828,348
Hungary,1999,10828,348
Hungary,2000,12823,348
Hungary,2001,12823,348
Hungary,2002,12823,348
Hungary,2003,12823,348
Hungary,2004,12823,348
Hungary,2005,17208,348
Hungary,2006,17208,348
Hungary,2007,17208,348
Hungary,2008,17208,348
Hungary,2009,17208,348
Hungary,2010,17023,348
Hungary,2011,17258,348
Hungary,2012,17025,348
Hungary,2013,17778,348
Hungary,2014,18437,348
Hungary,2015,18810,348
Hungary,2016,19436,348
Hungary,2017,19905,348
Hungary,2018,21011,348
Iceland,1995,22545,352
Iceland,1996,22545,352
Iceland,1997,22545,352
Iceland,1998,22545,352
Iceland,1999,22545,352
Iceland,2000,27185,352
Iceland,2001,27185,352
Iceland,2002,27185,352
Iceland,2003,27185,352
Iceland,2004,27185,352
Iceland,2005,31165,352
Iceland,2006,31165,352
Iceland,2007,31165,352
Iceland,2008,31165,352
Iceland,2009,31165,352
Iceland,2010,26613,352
Iceland,2011,28325,352
Iceland,2012,29701,352
Iceland,2013,33579,352
Iceland,2014,33735,352
Iceland,2015,35088,352
Iceland,2016,36950,352
Iceland,2017,38820,352
Iceland,2018,39244,352
India,1995,928,356
India,1996,928,356
India,1997,928,356
India,1998,928,356
India,1999,928,356
India,2000,1147,356
India,2001,1147,356
India,2002,1147,356
India,2003,1147,356
India,2004,1147,356
India,2005,1514,356
India,2006,1514,356
India,2007,1514,356
India,2008,1514,356
India,2009,1514,356
India,2010,1783,356
India,2011,1780,356
India,2012,1772,356
India,2013,1875,356
India,2014,2008,356
India,2015,2159,356
India,2016,2331,356
India,2017,2493,356
India,2018,2625,356
Indonesia,1995,3638,360
Indonesia,1996,3638,360
Indonesia,1997,3638,360
Indonesia,1998,3638,360
Indonesia,1999,3638,360
Indonesia,2000,3201,360
Indonesia,2001,3201,360
Indonesia,2002,3201,360
Indonesia,2003,3201,360
Indonesia,2004,3201,360
Indonesia,2005,3806,360
Indonesia,2006,3806,360
Indonesia,2007,3806,360
Indonesia,2008,3806,360
Indonesia,2009,3806,360
Indonesia,2010,5343,360
Indonesia,2011,5663,360
Indonesia,2012,5991,360
Indonesia,2013,6153,360
Indonesia,2014,6300,360
Indonesia,2015,6833,360
Indonesia,2016,6997,360
Indonesia,2017,7353,360
Indonesia,2018,7673,360
Iraq,1995,1029,368
Iraq,1996,1029,368
Iraq,1997,1029,368
Iraq,1998,1029,368
Iraq,1999,1029,368
Iraq,2000,2166,368
Iraq,2001,2166,368
Iraq,2002,2166,368
Iraq,2003,2166,368
Iraq,2004,2166,368
Iraq,2005,2375,368
Iraq,2006,2375,368
Iraq,2007,2375,368
Iraq,2008,2375,368
Iraq,2009,2375,368
Iraq,2010,3166,368
Iraq,2011,3232,368
Iraq,2012,3549,368
Iraq,2013,3639,368
Iraq,2014,3563,368
Iraq,2015,3540,368
Iraq,2016,3923,368
Iraq,2017,3754,368
Iraq,2018,3712,368
Ireland,1995,14920,372
Ireland,1996,14920,372
Ireland,1997,14920,372
Ireland,1998,14920,372
Ireland,1999,14920,372
Ireland,2000,22984,372
Ireland,2001,22984,372
Ireland,2002,22984,372
Ireland,2003,22984,372
Ireland,2004,22984,372
Ireland,2005,28411,372
Ireland,2006,28411,372
Ireland,2007,28411,372
Ireland,2008,28411,372
Ireland,2009,28411,372
Ireland,2010,28563,372
Ireland,2011,28836,372
Ireland,2012,28632,372
Ireland,2013,30411,372
Ireland,2014,32817,372
Ireland,2015,36395,372
Ireland,2016,40779,372
Ireland,2017,42534,372
Ireland,2018,44917,372
Israel,1995,16602,376
Israel,1996,16602,376
Israel,1997,16602,376
Israel,1998,16602,376
Israel,1999,16602,376
Israel,2000,18719,376
Israel,2001,18719,376
Israel,2002,18719,376
Israel,2003,18719,376
Israel,2004,18719,376
Israel,2005,20232,376
Israel,2006,20232,376
Israel,2007,20232,376
Israel,2008,20232,376
Israel,2009,20232,376
Israel,2010,20877,376
Israel,2011,21685,376
Israel,2012,21676,376
Israel,2013,22723,376
Israel,2014,23452,376
Israel,2015,23796,376
Israel,2016,23760,376
Israel,2017,24032,376
Israel,2018,24617,376
Italy,1995,19365,380
Italy,1996,19365,380
Italy,1997,19365,380
Italy,1998,19365,380
Italy,1999,19365,380
Italy,2000,22536,380
Italy,2001,22536,380
Italy,2002,22536,380
Italy,2003,22536,380
Italy,2004,22536,380
Italy,2005,24415,380
Italy,2006,24415,380
Italy,2007,24415,380
Italy,2008,24415,380
Italy,2009,24415,380
Italy,2010,25977,380
Italy,2011,26241,380
Italy,2012,25847,380
Italy,2013,24699,380
Italy,2014,24694,380
Italy,2015,24618,380
Italy,2016,25297,380
Italy,2017,26009,380
Italy,2018,26473,380
Jamaica,1995,6046,388
Jamaica,1996,6046,388
Jamaica,1997,6046,388
Jamaica,1998,6046,388
Jamaica,1999,6046,388
Jamaica,2000,5533,388
Jamaica,2001,5533,388
Jamaica,2002,5533,388
Jamaica,2003,5533,388
Jamaica,2004,5533,388
Jamaica,2005,5832,388
Jamaica,2006,5832,388
Jamaica,2007,5832,388
Jamaica,2008,5832,388
Jamaica,2009,5832,388
Jamaica,2010,5999,388
Jamaica,2011,6103,388
Jamaica,2012,6164,388
Jamaica,2013,6153,388
Jamaica,2014,6151,388
Jamaica,2015,6110,388
Jamaica,2016,6144,388
Jamaica,2017,6274,388
Jamaica,2018,6326,388
Japan,1995,21638,392
Japan,1996,21638,392
Japan,1997,21638,392
Japan,1998,21638,392
Japan,1999,21638,392
Japan,2000,22743,392
Japan,2001,22743,392
Japan,2002,22743,392
Japan,2003,22743,392
Japan,2004,22743,392
Japan,2005,24495,392
Japan,2006,24495,392
Japan,2007,24495,392
Japan,2008,24495,392
Japan,2009,24495,392
Japan,2010,23821,392
Japan,2011,24200,392
Japan,2012,24718,392
Japan,2013,25810,392
Japan,2014,26380,392
Japan,2015,26960,392
Japan,2016,27447,392
Japan,2017,28389,392
Japan,2018,28781,392
Jordan,1995,1457,400
Jordan,1996,1457,400
Jordan,1997,1457,400
Jordan,1998,1457,400
Jordan,1999,1457,400
Jordan,2000,1711,400
Jordan,2001,1711,400
Jordan,2002,1711,400
Jordan,2003,1711,400
Jordan,2004,1711,400
Jordan,2005,2058,400
Jordan,2006,2058,400
Jordan,2007,2058,400
Jordan,2008,2058,400
Jordan,2009,2058,400
Jordan,2010,2812,400
Jordan,2011,2770,400
Jordan,2012,2668,400
Jordan,2013,2505,400
Jordan,2014,2471,400
Jordan,2015,2448,400
Jordan,2016,2700,400
Jordan,2017,2713,400
Jordan,2018,2734,400
Kazakhstan,1995,6998,398
Kazakhstan,1996,6998,398
Kazakhstan,1997,6998,398
Kazakhstan,1998,6998,398
Kazakhstan,1999,6998,398
Kazakhstan,2000,7090,398
Kazakhstan,2001,7090,398
Kazakhstan,2002,7090,398
Kazakhstan,2003,7090,398
Kazakhstan,2004,7090,398
Kazakhstan,2005,10957,398
Kazakhstan,2006,10957,398
Kazakhstan,2007,10957,398
Kazakhstan,2008,10957,398
Kazakhstan,2009,10957,398
Kazakhstan,2010,13428,398
Kazakhstan,2011,13878,398
Kazakhstan,2012,14817,398
Kazakhstan,2013,16233,398
Kazakhstan,2014,16182,398
Kazakhstan,2015,17236,398
Kazakhstan,2016,16399,398
Kazakhstan,2017,16382,398
Kazakhstan,2018,16491,398
Kenya,1995,1748,404
Kenya,1996,1748,404
Kenya,1997,1748,404
Kenya,1998,1748,404
Kenya,1999,1748,404
Kenya,2000,1737,404
Kenya,2001,1737,404
Kenya,2002,1737,404
Kenya,2003,1737,404
Kenya,2004,1737,404
Kenya,2005,1740,404
Kenya,2006,1740,404
Kenya,2007,1740,404
Kenya,2008,1740,404
Kenya,2009,1740,404
Kenya,2010,2020,404
Kenya,2011,2101,404
Kenya,2012,2138,404
Kenya,2013,2201,404
Kenya,2014,2265,404
Kenya,2015,2354,404
Kenya,2016,2457,404
Kenya,2017,2520,404
Kenya,2018,2619,404
Kuwait,1995,48503,414
Kuwait,1996,48503,414
Kuwait,1997,48503,414
Kuwait,1998,48503,414
Kuwait,1999,48503,414
Kuwait,2000,43795,414
Kuwait,2001,43795,414
Kuwait,2002,43795,414
Kuwait,2003,43795,414
Kuwait,2004,43795,414
Kuwait,2005,53496,414
Kuwait,2006,53496,414
Kuwait,2007,53496,414
Kuwait,2008,53496,414
Kuwait,2009,53496,414
Kuwait,2010,48287,414
Kuwait,2011,50616,414
Kuwait,2012,52935,414
Kuwait,2013,52005,414
Kuwait,2014,51641,414
Kuwait,2015,50253,414
Kuwait,2016,51183,414
Kuwait,2017,50194,414
Kuwait,2018,49075,414
Kyrgyzstan,1995,1217,417
Kyrgyzstan,1996,1217,417
Kyrgyzstan,1997,1217,417
Kyrgyzstan,1998,1217,417
Kyrgyzstan,1999,1217,417
Kyrgyzstan,2000,1421,417
Kyrgyzstan,2001,1421,417
Kyrgyzstan,2002,1421,417
Kyrgyzstan,2003,1421,417
Kyrgyzstan,2004,1421,417
Kyrgyzstan,2005,1597,417
Kyrgyzstan,2006,1597,417
Kyrgyzstan,2007,1597,417
Kyrgyzstan,2008,1597,417
Kyrgyzstan,2009,1597,417
Kyrgyzstan,2010,1769,417
Kyrgyzstan,2011,1780,417
Kyrgyzstan,2012,1857,417
Kyrgyzstan,2013,1912,417
Kyrgyzstan,2014,1991,417
Kyrgyzstan,2015,2088,417
Kyrgyzstan,2016,2067,417
Kyrgyzstan,2017,2121,417
Kyrgyzstan,2018,2192,417
Latvia,1995,6311,428
Latvia,1996,6311,428
Latvia,1997,6311,428
Latvia,1998,6311,428
Latvia,1999,6311,428
Latvia,2000,8466,428
Latvia,2001,8466,428
Latvia,2002,8466,428
Latvia,2003,8466,428
Latvia,2004,8466,428
Latvia,2005,13274,428
Latvia,2006,13274,428
Latvia,2007,13274,428
Latvia,2008,13274,428
Latvia,2009,13274,428
Latvia,2010,15476,428
Latvia,2011,16366,428
Latvia,2012,17181,428
Latvia,2013,17801,428
Latvia,2014,18143,428
Latvia,2015,18806,428
Latvia,2016,19677,428
Latvia,2017,20632,428
Latvia,2018,21857,428
Lebanon,1995,3731,422
Lebanon,1996,3731,422
Lebanon,1997,3731,422
Lebanon,1998,3731,422
Lebanon,1999,3731,422
Lebanon,2000,4031,422
Lebanon,2001,4031,422
Lebanon,2002,4031,422
Lebanon,2003,4031,422
Lebanon,2004,4031,422
Lebanon,2005,3605,422
Lebanon,2006,3605,422
Lebanon,2007,3605,422
Lebanon,2008,3605,422
Lebanon,2009,3605,422
Lebanon,2010,5683,422
Lebanon,2011,5563,422
Lebanon,2012,5417,422
Lebanon,2013,5229,422
Lebanon,2014,5003,422
Lebanon,2015,4844,422
Lebanon,2016,4798,422
Lebanon,2017,4861,422
Lebanon,2018,4668,422
Lesotho,1995,1604,426
Lesotho,1996,1604,426
Lesotho,1997,1604,426
Lesotho,1998,1604,426
Lesotho,1999,1604,426
Lesotho,2000,1676,426
Lesotho,2001,1676,426
Lesotho,2002,1676,426
Lesotho,2003,1676,426
Lesotho,2004,1676,426
Lesotho,2005,1948,426
Lesotho,2006,1948,426
Lesotho,2007,1948,426
Lesotho,2008,1948,426
Lesotho,2009,1948,426
Lesotho,2010,2471,426
Lesotho,2011,2466,426
Lesotho,2012,2519,426
Lesotho,2013,2517,426
Lesotho,2014,2528,426
Lesotho,2015,2614,426
Lesotho,2016,2724,426
Lesotho,2017,2633,426
Lesotho,2018,2641,426
Liberia,1995,204,430
Liberia,1996,204,430
Liberia,1997,204,430
Liberia,1998,204,430
Liberia,1999,204,430
Liberia,2000,993,430
Liberia,2001,993,430
Liberia,2002,993,430
Liberia,2003,993,430
Liberia,2004,993,430
Liberia,2005,721,430
Liberia,2006,721,430
Liberia,2007,721,430
Liberia,2008,721,430
Liberia,2009,721,430
Liberia,2010,1007,430
Liberia,2011,1082,430
Liberia,2012,1099,430
Liberia,2013,1171,430
Liberia,2014,1153,430
Liberia,2015,1141,430
Liberia,2016,1097,430
Liberia,2017,1095,430
Liberia,2018,1051,430
Libya,1995,5540,434
Libya,1996,5540,434
Libya,1997,5540,434
Libya,1998,5540,434
Libya,1999,5540,434
Libya,2000,6192,434
Libya,2001,6192,434
Libya,2002,6192,434
Libya,2003,6192,434
Libya,2004,6192,434
Libya,2005,7876,434
Libya,2006,7876,434
Libya,2007,7876,434
Libya,2008,7876,434
Libya,2009,7876,434
Libya,2010,10744,434
Libya,2011,4564,434
Libya,2012,9299,434
Libya,2013,4742,434
Libya,2014,3909,434
Libya,2015,3831,434
Libya,2016,3751,434
Libya,2017,4580,434
Libya,2018,4866,434
Lithuania,1995,7055,440
Lithuania,1996,7055,440
Lithuania,1997,7055,440
Lithuania,1998,7055,440
Lithuania,1999,7055,440
Lithuania,2000,9531,440
Lithuania,2001,9531,440
Lithuania,2002,9531,440
Lithuania,2003,9531,440
Lithuania,2004,9531,440
Lithuania,2005,14327,440
Lithuania,2006,14327,440
Lithuania,2007,14327,440
Lithuania,2008,14327,440
Lithuania,2009,14327,440
Lithuania,2010,17894,440
Lithuania,2011,18937,440
Lithuania,2012,20174,440
Lithuania,2013,20832,440
Lithuania,2014,22066,440
Lithuania,2015,22233,440
Lithuania,2016,23103,440
Lithuania,2017,24432,440
Lithuania,2018,25667,440
Luxembourg,1995,39151,442
Luxembourg,1996,39151,442
Luxembourg,1997,39151,442
Luxembourg,1998,39151,442
Luxembourg,1999,39151,442
Luxembourg,2000,52078,442
Luxembourg,2001,52078,442
Luxembourg,2002,52078,442
Luxembourg,2003,52078,442
Luxembourg,2004,52078,442
Luxembourg,2005,59206,442
Luxembourg,2006,59206,442
Luxembourg,2007,59206,442
Luxembourg,2008,59206,442
Luxembourg,2009,59206,442
Luxembourg,2010,54237,442
Luxembourg,2011,51063,442
Luxembourg,2012,50385,442
Luxembourg,2013,48832,442
Luxembourg,2014,50995,442
Luxembourg,2015,49110,442
Luxembourg,2016,49614,442
Luxembourg,2017,52288,442
Luxembourg,2018,53010,442
Madagascar,1995,1113,450
Madagascar,1996,1113,450
Madagascar,1997,1113,450
Madagascar,1998,1113,450
Madagascar,1999,1113,450
Madagascar,2000,1182,450
Madagascar,2001,1182,450
Madagascar,2002,1182,450
Madagascar,2003,1182,450
Madagascar,2004,1182,450
Madagascar,2005,1142,450
Madagascar,2006,1142,450
Madagascar,2007,1142,450
Madagascar,2008,1142,450
Madagascar,2009,1142,450
Madagascar,2010,1105,450
Madagascar,2011,1087,450
Madagascar,2012,1072,450
Madagascar,2013,1062,450
Madagascar,2014,1065,450
Madagascar,2015,1051,450
Madagascar,2016,1065,450
Madagascar,2017,1094,450
Madagascar,2018,1119,450
Malawi,1995,685,454
Malawi,1996,685,454
Malawi,1997,685,454
Malawi,1998,685,454
Malawi,1999,685,454
Malawi,2000,735,454
Malawi,2001,735,454
Malawi,2002,735,454
Malawi,2003,735,454
Malawi,2004,735,454
Malawi,2005,715,454
Malawi,2006,715,454
Malawi,2007,715,454
Malawi,2008,715,454
Malawi,2009,715,454
Malawi,2010,896,454
Malawi,2011,910,454
Malawi,2012,844,454
Malawi,2013,854,454
Malawi,2014,882,454
Malawi,2015,883,454
Malawi,2016,901,454
Malawi,2017,918,454
Malawi,2018,925,454
Malaysia,1995,8414,458
Malaysia,1996,8414,458
Malaysia,1997,8414,458
Malaysia,1998,8414,458
Malaysia,1999,8414,458
Malaysia,2000,9020,458
Malaysia,2001,9020,458
Malaysia,2002,9020,458
Malaysia,2003,9020,458
Malaysia,2004,9020,458
Malaysia,2005,10522,458
Malaysia,2006,10522,458
Malaysia,2007,10522,458
Malaysia,2008,10522,458
Malaysia,2009,10522,458
Malaysia,2010,14205,458
Malaysia,2011,15104,458
Malaysia,2012,15777,458
Malaysia,2013,16886,458
Malaysia,2014,17813,458
Malaysia,2015,18741,458
Malaysia,2016,19354,458
Malaysia,2017,20259,458
Malaysia,2018,20821,458
Maldives,1995,3318,462
Maldives,1996,3318,462
Maldives,1997,3318,462
Maldives,1998,3318,462
Maldives,1999,3318,462
Maldives,2000,5338,462
Maldives,2001,5338,462
Maldives,2002,5338,462
Maldives,2003,5338,462
Maldives,2004,5338,462
Maldives,2005,4966,462
Maldives,2006,4966,462
Maldives,2007,4966,462
Maldives,2008,4966,462
Maldives,2009,4966,462
Maldives,2010,6093,462
Maldives,2011,6495,462
Maldives,2012,6488,462
Maldives,2013,6705,462
Maldives,2014,7026,462
Maldives,2015,6834,462
Maldives,2016,6931,462
Maldives,2017,7137,462
Maldives,2018,7453,462
Mali,1995,959,466
Mali,1996,959,466
Mali,1997,959,466
Mali,1998,959,466
Mali,1999,959,466
Mali,2000,1078,466
Mali,2001,1078,466
Mali,2002,1078,466
Mali,2003,1078,466
Mali,2004,1078,466
Mali,2005,1259,466
Mali,2006,1259,466
Mali,2007,1259,466
Mali,2008,1259,466
Mali,2009,1259,466
Mali,2010,1364,466
Mali,2011,1097,466
Mali,2012,1048,466
Mali,2013,1052,466
Mali,2014,1095,466
Mali,2015,1210,466
Mali,2016,1269,466
Mali,2017,1311,466
Mali,2018,1311,466
Malta,1995,8967,470
Malta,1996,8967,470
Malta,1997,8967,470
Malta,1998,8967,470
Malta,1999,8967,470
Malta,2000,11973,470
Malta,2001,11973,470
Malta,2002,11973,470
Malta,2003,11973,470
Malta,2004,11973,470
Malta,2005,12689,470
Malta,2006,12689,470
Malta,2007,12689,470
Malta,2008,12689,470
Malta,2009,12689,470
Malta,2010,15238,470
Malta,2011,16168,470
Malta,2012,17056,470
Malta,2013,19202,470
Malta,2014,21014,470
Malta,2015,22672,470
Malta,2016,22942,470
Malta,2017,24060,470
Malta,2018,25026,470
Mauritania,1995,1298,478
Mauritania,1996,1298,478
Mauritania,1997,1298,478
Mauritania,1998,1298,478
Mauritania,1999,1298,478
Mauritania,2000,1380,478
Mauritania,2001,1380,478
Mauritania,2002,1380,478
Mauritania,2003,1380,478
Mauritania,2004,1380,478
Mauritania,2005,1556,478
Mauritania,2006,1556,478
Mauritania,2007,1556,478
Mauritania,2008,1556,478
Mauritania,2009,1556,478
Mauritania,2010,1759,478
Mauritania,2011,1759,478
Mauritania,2012,1802,478
Mauritania,2013,1876,478
Mauritania,2014,1924,478
Mauritania,2015,1930,478
Mauritania,2016,1945,478
Mauritania,2017,1982,478
Mauritania,2018,2018,478
Mauritius,1995,4860,480
Mauritius,1996,4860,480
Mauritius,1997,4860,480
Mauritius,1998,4860,480
Mauritius,1999,4860,480
Mauritius,2000,6223,480
Mauritius,2001,6223,480
Mauritius,2002,6223,480
Mauritius,2003,6223,480
Mauritius,2004,6223,480
Mauritius,2005,7460,480
Mauritius,2006,7460,480
Mauritius,2007,7460,480
Mauritius,2008,7460,480
Mauritius,2009,7460,480
Mauritius,2010,9031,480
Mauritius,2011,9273,480
Mauritius,2012,10217,480
Mauritius,2013,11707,480
Mauritius,2014,12180,480
Mauritius,2015,12838,480
Mauritius,2016,12905,480
Mauritius,2017,13743,480
Mauritius,2018,14261,480
Mexico,1995,6907,484
Mexico,1996,6907,484
Mexico,1997,6907,484
Mexico,1998,6907,484
Mexico,1999,6907,484
Mexico,2000,8869,484
Mexico,2001,8869,484
Mexico,2002,8869,484
Mexico,2003,8869,484
Mexico,2004,8869,484
Mexico,2005,9460,484
Mexico,2006,9460,484
Mexico,2007,9460,484
Mexico,2008,9460,484
Mexico,2009,9460,484
Mexico,2010,10061,484
Mexico,2011,10403,484
Mexico,2012,10704,484
Mexico,2013,10624,484
Mexico,2014,10718,484
Mexico,2015,10937,484
Mexico,2016,11094,484
Mexico,2017,11166,484
Mexico,2018,11253,484
Mongolia,1995,3203,496
Mongolia,1996,3203,496
Mongolia,1997,3203,496
Mongolia,1998,3203,496
Mongolia,1999,3203,496
Mongolia,2000,4027,496
Mongolia,2001,4027,496
Mongolia,2002,4027,496
Mongolia,2003,4027,496
Mongolia,2004,4027,496
Mongolia,2005,4904,496
Mongolia,2006,4904,496
Mongolia,2007,4904,496
Mongolia,2008,4904,496
Mongolia,2009,4904,496
Mongolia,2010,5852,496
Mongolia,2011,6507,496
Mongolia,2012,7636,496
Mongolia,2013,7885,496
Mongolia,2014,9361,496
Mongolia,2015,9357,496
Mongolia,2016,9228,496
Mongolia,2017,8863,496
Mongolia,2018,9666,496
Montenegro,1995,NULL,499
Montenegro,1996,NULL,499
Montenegro,1997,NULL,499
Montenegro,1998,NULL,499
Montenegro,1999,NULL,499
Montenegro,2000,7833,499
Montenegro,2001,7833,499
Montenegro,2002,7833,499
Montenegro,2003,7833,499
Montenegro,2004,7833,499
Montenegro,2005,8540,499
Montenegro,2006,8540,499
Montenegro,2007,8540,499
Montenegro,2008,8540,499
Montenegro,2009,8540,499
Montenegro,2010,10661,499
Montenegro,2011,11340,499
Montenegro,2012,10980,499
Montenegro,2013,11468,499
Montenegro,2014,12532,499
Montenegro,2015,13150,499
Montenegro,2016,13178,499
Montenegro,2017,13859,499
Montenegro,2018,14457,499
Morocco,1995,1448,504
Morocco,1996,1448,504
Morocco,1997,1448,504
Morocco,1998,1448,504
Morocco,1999,1448,504
Morocco,2000,1767,504
Morocco,2001,1767,504
Morocco,2002,1767,504
Morocco,2003,1767,504
Morocco,2004,1767,504
Morocco,2005,2291,504
Morocco,2006,2291,504
Morocco,2007,2291,504
Morocco,2008,2291,504
Morocco,2009,2291,504
Morocco,2010,2803,504
Morocco,2011,2899,504
Morocco,2012,2883,504
Morocco,2013,2990,504
Morocco,2014,2947,504
Morocco,2015,3000,504
Morocco,2016,2942,504
Morocco,2017,2963,504
Morocco,2018,3012,504
Mozambique,1995,340,508
Mozambique,1996,340,508
Mozambique,1997,340,508
Mozambique,1998,340,508
Mozambique,1999,340,508
Mozambique,2000,510,508
Mozambique,2001,510,508
Mozambique,2002,510,508
Mozambique,2003,510,508
Mozambique,2004,510,508
Mozambique,2005,655,508
Mozambique,2006,655,508
Mozambique,2007,655,508
Mozambique,2008,655,508
Mozambique,2009,655,508
Mozambique,2010,838,508
Mozambique,2011,886,508
Mozambique,2012,928,508
Mozambique,2013,963,508
Mozambique,2014,993,508
Mozambique,2015,1014,508
Mozambique,2016,1019,508
Mozambique,2017,1020,508
Mozambique,2018,1031,508
Myanmar,1995,639,104
Myanmar,1996,639,104
Myanmar,1997,639,104
Myanmar,1998,639,104
Myanmar,1999,639,104
Myanmar,2000,894,104
Myanmar,2001,894,104
Myanmar,2002,894,104
Myanmar,2003,894,104
Myanmar,2004,894,104
Myanmar,2005,1526,104
Myanmar,2006,1526,104
Myanmar,2007,1526,104
Myanmar,2008,1526,104
Myanmar,2009,1526,104
Myanmar,2010,2556,104
Myanmar,2011,2673,104
Myanmar,2012,2726,104
Myanmar,2013,2950,104
Myanmar,2014,3125,104
Myanmar,2015,3137,104
Myanmar,2016,3278,104
Myanmar,2017,3414,104
Myanmar,2018,3613,104
Namibia,1995,4672,516
Namibia,1996,4672,516
Namibia,1997,4672,516
Namibia,1998,4672,516
Namibia,1999,4672,516
Namibia,2000,4942,516
Namibia,2001,4942,516
Namibia,2002,4942,516
Namibia,2003,4942,516
Namibia,2004,4942,516
Namibia,2005,5926,516
Namibia,2006,5926,516
Namibia,2007,5926,516
Namibia,2008,5926,516
Namibia,2009,5926,516
Namibia,2010,7009,516
Namibia,2011,7352,516
Namibia,2012,7505,516
Namibia,2013,8415,516
Namibia,2014,9044,516
Namibia,2015,9272,516
Namibia,2016,9330,516
Namibia,2017,8983,516
Namibia,2018,8917,516
Nepal,1995,1092,524
Nepal,1996,1092,524
Nepal,1997,1092,524
Nepal,1998,1092,524
Nepal,1999,1092,524
Nepal,2000,1076,524
Nepal,2001,1076,524
Nepal,2002,1076,524
Nepal,2003,1076,524
Nepal,2004,1076,524
Nepal,2005,1306,524
Nepal,2006,1306,524
Nepal,2007,1306,524
Nepal,2008,1306,524
Nepal,2009,1306,524
Nepal,2010,1598,524
Nepal,2011,1642,524
Nepal,2012,1716,524
Nepal,2013,1775,524
Nepal,2014,1882,524
Nepal,2015,1924,524
Nepal,2016,1912,524
Nepal,2017,2030,524
Nepal,2018,2113,524
Netherlands,1995,24227,528
Netherlands,1996,24227,528
Netherlands,1997,24227,528
Netherlands,1998,24227,528
Netherlands,1999,24227,528
Netherlands,2000,31823,528
Netherlands,2001,31823,528
Netherlands,2002,31823,528
Netherlands,2003,31823,528
Netherlands,2004,31823,528
Netherlands,2005,34300,528
Netherlands,2006,34300,528
Netherlands,2007,34300,528
Netherlands,2008,34300,528
Netherlands,2009,34300,528
Netherlands,2010,36913,528
Netherlands,2011,37970,528
Netherlands,2012,37626,528
Netherlands,2013,37328,528
Netherlands,2014,36931,528
Netherlands,2015,37843,528
Netherlands,2016,37966,528
Netherlands,2017,39688,528
Netherlands,2018,40572,528
New Zealand,1995,17585,554
New Zealand,1996,17585,554
New Zealand,1997,17585,554
New Zealand,1998,17585,554
New Zealand,1999,17585,554
New Zealand,2000,19967,554
New Zealand,2001,19967,554
New Zealand,2002,19967,554
New Zealand,2003,19967,554
New Zealand,2004,19967,554
New Zealand,2005,23004,554
New Zealand,2006,23004,554
New Zealand,2007,23004,554
New Zealand,2008,23004,554
New Zealand,2009,23004,554
New Zealand,2010,22713,554
New Zealand,2011,23242,554
New Zealand,2012,23869,554
New Zealand,2013,24368,554
New Zealand,2014,24957,554
New Zealand,2015,25671,554
New Zealand,2016,26302,554
New Zealand,2017,26398,554
New Zealand,2018,26757,554
Nicaragua,1995,1245,558
Nicaragua,1996,1245,558
Nicaragua,1997,1245,558
Nicaragua,1998,1245,558
Nicaragua,1999,1245,558
Nicaragua,2000,1701,558
Nicaragua,2001,1701,558
Nicaragua,2002,1701,558
Nicaragua,2003,1701,558
Nicaragua,2004,1701,558
Nicaragua,2005,2155,558
Nicaragua,2006,2155,558
Nicaragua,2007,2155,558
Nicaragua,2008,2155,558
Nicaragua,2009,2155,558
Nicaragua,2010,2197,558
Nicaragua,2011,2314,558
Nicaragua,2012,2436,558
Nicaragua,2013,2534,558
Nicaragua,2014,3987,558
Nicaragua,2015,4144,558
Nicaragua,2016,4303,558
Nicaragua,2017,4476,558
Nicaragua,2018,4277,558
Niger,1995,582,562
Niger,1996,582,562
Niger,1997,582,562
Niger,1998,582,562
Niger,1999,582,562
Niger,2000,559,562
Niger,2001,559,562
Niger,2002,559,562
Niger,2003,559,562
Niger,2004,559,562
Niger,2005,563,562
Niger,2006,563,562
Niger,2007,563,562
Niger,2008,563,562
Niger,2009,563,562
Niger,2010,NULL,562
Niger,2011,NULL,562
Niger,2012,104,562
Niger,2013,104,562
Niger,2014,109,562
Niger,2015,109,562
Niger,2016,110,562
Niger,2017,111,562
Niger,2018,112,562
Nigeria,1995,2074,566
Nigeria,1996,2074,566
Nigeria,1997,2074,566
Nigeria,1998,2074,566
Nigeria,1999,2074,566
Nigeria,2000,2066,566
Nigeria,2001,2066,566
Nigeria,2002,2066,566
Nigeria,2003,2066,566
Nigeria,2004,2066,566
Nigeria,2005,2822,566
Nigeria,2006,2822,566
Nigeria,2007,2822,566
Nigeria,2008,2822,566
Nigeria,2009,2822,566
Nigeria,2010,3969,566
Nigeria,2011,4103,566
Nigeria,2012,4208,566
Nigeria,2013,4407,566
Nigeria,2014,4643,566
Nigeria,2015,4687,566
Nigeria,2016,4511,566
Nigeria,2017,4404,566
Nigeria,2018,4313,566
Norway,1995,38399,578
Norway,1996,38399,578
Norway,1997,38399,578
Norway,1998,38399,578
Norway,1999,38399,578
Norway,2000,44906,578
Norway,2001,44906,578
Norway,2002,44906,578
Norway,2003,44906,578
Norway,2004,44906,578
Norway,2005,50499,578
Norway,2006,50499,578
Norway,2007,50499,578
Norway,2008,50499,578
Norway,2009,50499,578
Norway,2010,55320,578
Norway,2011,55363,578
Norway,2012,56291,578
Norway,2013,56429,578
Norway,2014,58286,578
Norway,2015,58809,578
Norway,2016,58981,578
Norway,2017,59813,578
Norway,2018,60283,578
Oman,1995,9164,512
Oman,1996,9164,512
Oman,1997,9164,512
Oman,1998,9164,512
Oman,1999,9164,512
Oman,2000,13399,512
Oman,2001,13399,512
Oman,2002,13399,512
Oman,2003,13399,512
Oman,2004,13399,512
Oman,2005,13262,512
Oman,2006,13262,512
Oman,2007,13262,512
Oman,2008,13262,512
Oman,2009,13262,512
Oman,2010,14225,512
Oman,2011,12897,512
Oman,2012,12979,512
Oman,2013,12832,512
Oman,2014,12041,512
Oman,2015,12356,512
Oman,2016,12414,512
Oman,2017,11733,512
Oman,2018,11435,512
Pakistan,1995,658,586
Pakistan,1996,658,586
Pakistan,1997,658,586
Pakistan,1998,658,586
Pakistan,1999,658,586
Pakistan,2000,629,586
Pakistan,2001,629,586
Pakistan,2002,629,586
Pakistan,2003,629,586
Pakistan,2004,629,586
Pakistan,2005,913,586
Pakistan,2006,913,586
Pakistan,2007,913,586
Pakistan,2008,913,586
Pakistan,2009,913,586
Pakistan,2010,1262,586
Pakistan,2011,1268,586
Pakistan,2012,1299,586
Pakistan,2013,1318,586
Pakistan,2014,1323,586
Pakistan,2015,1456,586
Pakistan,2016,1479,586
Pakistan,2017,1513,586
Pakistan,2018,1570,586
Panama,1995,6105,591
Panama,1996,6105,591
Panama,1997,6105,591
Panama,1998,6105,591
Panama,1999,6105,591
Panama,2000,7232,591
Panama,2001,7232,591
Panama,2002,7232,591
Panama,2003,7232,591
Panama,2004,7232,591
Panama,2005,7987,591
Panama,2006,7987,591
Panama,2007,7987,591
Panama,2008,7987,591
Panama,2009,7987,591
Panama,2010,10245,591
Panama,2011,11379,591
Panama,2012,12788,591
Panama,2013,12951,591
Panama,2014,13413,591
Panama,2015,14267,591
Panama,2016,15001,591
Panama,2017,15800,591
Panama,2018,16107,591
Papua New Guinea,1995,2386,598
Papua New Guinea,1996,2386,598
Papua New Guinea,1997,2386,598
Papua New Guinea,1998,2386,598
Papua New Guinea,1999,2386,598
Papua New Guinea,2000,2073,598
Papua New Guinea,2001,2073,598
Papua New Guinea,2002,2073,598
Papua New Guinea,2003,2073,598
Papua New Guinea,2004,2073,598
Papua New Guinea,2005,2050,598
Papua New Guinea,2006,2050,598
Papua New Guinea,2007,2050,598
Papua New Guinea,2008,2050,598
Papua New Guinea,2009,2050,598
Papua New Guinea,2010,2496,598
Papua New Guinea,2011,2519,598
Papua New Guinea,2012,2579,598
Papua New Guinea,2013,2483,598
Papua New Guinea,2014,3053,598
Papua New Guinea,2015,3300,598
Papua New Guinea,2016,3362,598
Papua New Guinea,2017,3323,598
Papua New Guinea,2018,3248,598
Paraguay,1995,5236,600
Paraguay,1996,5236,600
Paraguay,1997,5236,600
Paraguay,1998,5236,600
Paraguay,1999,5236,600
Paraguay,2000,4087,600
Paraguay,2001,4087,600
Paraguay,2002,4087,600
Paraguay,2003,4087,600
Paraguay,2004,4087,600
Paraguay,2005,4589,600
Paraguay,2006,4589,600
Paraguay,2007,4589,600
Paraguay,2008,4589,600
Paraguay,2009,4589,600
Paraguay,2010,6081,600
Paraguay,2011,6685,600
Paraguay,2012,6797,600
Paraguay,2013,7202,600
Paraguay,2014,7294,600
Paraguay,2015,7624,600
Paraguay,2016,7711,600
Paraguay,2017,8088,600
Paraguay,2018,8326,600
Peru,1995,3894,604
Peru,1996,3894,604
Peru,1997,3894,604
Peru,1998,3894,604
Peru,1999,3894,604
Peru,2000,4029,604
Peru,2001,4029,604
Peru,2002,4029,604
Peru,2003,4029,604
Peru,2004,4029,604
Peru,2005,4718,604
Peru,2006,4718,604
Peru,2007,4718,604
Peru,2008,4718,604
Peru,2009,4718,604
Peru,2010,6463,604
Peru,2011,6891,604
Peru,2012,7361,604
Peru,2013,7871,604
Peru,2014,8158,604
Peru,2015,8155,604
Peru,2016,8549,604
Peru,2017,8587,604
Peru,2018,8840,604
Philippines,1995,3008,608
Philippines,1996,3008,608
Philippines,1997,3008,608
Philippines,1998,3008,608
Philippines,1999,3008,608
Philippines,2000,3679,608
Philippines,2001,3679,608
Philippines,2002,3679,608
Philippines,2003,3679,608
Philippines,2004,3679,608
Philippines,2005,4391,608
Philippines,2006,4391,608
Philippines,2007,4391,608
Philippines,2008,4391,608
Philippines,2009,4391,608
Philippines,2010,5240,608
Philippines,2011,5308,608
Philippines,2012,5575,608
Philippines,2013,5953,608
Philippines,2014,6232,608
Philippines,2015,6454,608
Philippines,2016,7039,608
Philippines,2017,7203,608
Philippines,2018,7541,608
Poland,1995,8359,616
Poland,1996,8359,616
Poland,1997,8359,616
Poland,1998,8359,616
Poland,1999,8359,616
Poland,2000,11088,616
Poland,2001,11088,616
Poland,2002,11088,616
Poland,2003,11088,616
Poland,2004,11088,616
Poland,2005,12532,616
Poland,2006,12532,616
Poland,2007,12532,616
Poland,2008,12532,616
Poland,2009,12532,616
Poland,2010,16683,616
Poland,2011,17505,616
Poland,2012,17825,616
Poland,2013,17801,616
Poland,2014,18375,616
Poland,2015,19096,616
Poland,2016,19868,616
Poland,2017,20731,616
Poland,2018,21877,616
Portugal,1995,15828,620
Portugal,1996,15828,620
Portugal,1997,15828,620
Portugal,1998,15828,620
Portugal,1999,15828,620
Portugal,2000,18898,620
Portugal,2001,18898,620
Portugal,2002,18898,620
Portugal,2003,18898,620
Portugal,2004,18898,620
Portugal,2005,21081,620
Portugal,2006,21081,620
Portugal,2007,21081,620
Portugal,2008,21081,620
Portugal,2009,21081,620
Portugal,2010,22354,620
Portugal,2011,21597,620
Portugal,2012,21037,620
Portugal,2013,21043,620
Portugal,2014,21302,620
Portugal,2015,21835,620
Portugal,2016,22411,620
Portugal,2017,23163,620
Portugal,2018,23628,620
Qatar,1995,27886,634
Qatar,1996,27886,634
Qatar,1997,27886,634
Qatar,1998,27886,634
Qatar,1999,27886,634
Qatar,2000,45709,634
Qatar,2001,45709,634
Qatar,2002,45709,634
Qatar,2003,45709,634
Qatar,2004,45709,634
Qatar,2005,36864,634
Qatar,2006,36864,634
Qatar,2007,36864,634
Qatar,2008,36864,634
Qatar,2009,36864,634
Qatar,2010,41815,634
Qatar,2011,48151,634
Qatar,2012,51747,634
Qatar,2013,54095,634
Qatar,2014,55653,634
Qatar,2015,57751,634
Qatar,2016,59420,634
Qatar,2017,58668,634
Qatar,2018,57196,634
Romania,1995,8061,642
Romania,1996,8061,642
Romania,1997,8061,642
Romania,1998,8061,642
Romania,1999,8061,642
Romania,2000,8006,642
Romania,2001,8006,642
Romania,2002,8006,642
Romania,2003,8006,642
Romania,2004,8006,642
Romania,2005,11247,642
Romania,2006,11247,642
Romania,2007,11247,642
Romania,2008,11247,642
Romania,2009,11247,642
Romania,2010,13699,642
Romania,2011,14103,642
Romania,2012,14586,642
Romania,2013,15241,642
Romania,2014,16265,642
Romania,2015,16533,642
Romania,2016,17137,642
Romania,2017,18656,642
Romania,2018,19488,642
Rwanda,1995,591,646
Rwanda,1996,591,646
Rwanda,1997,591,646
Rwanda,1998,591,646
Rwanda,1999,591,646
Rwanda,2000,686,646
Rwanda,2001,686,646
Rwanda,2002,686,646
Rwanda,2003,686,646
Rwanda,2004,686,646
Rwanda,2005,909,646
Rwanda,2006,909,646
Rwanda,2007,909,646
Rwanda,2008,909,646
Rwanda,2009,909,646
Rwanda,2010,1248,646
Rwanda,2011,1258,646
Rwanda,2012,1331,646
Rwanda,2013,1355,646
Rwanda,2014,1416,646
Rwanda,2015,1502,646
Rwanda,2016,1552,646
Rwanda,2017,1611,646
Rwanda,2018,1708,646
Saint Lucia,1995,6059,662
Saint Lucia,1996,6059,662
Saint Lucia,1997,6059,662
Saint Lucia,1998,6059,662
Saint Lucia,1999,6059,662
Saint Lucia,2000,6650,662
Saint Lucia,2001,6650,662
Saint Lucia,2002,6650,662
Saint Lucia,2003,6650,662
Saint Lucia,2004,6650,662
Saint Lucia,2005,7112,662
Saint Lucia,2006,7112,662
Saint Lucia,2007,7112,662
Saint Lucia,2008,7112,662
Saint Lucia,2009,7112,662
Saint Lucia,2010,8685,662
Saint Lucia,2011,9384,662
Saint Lucia,2012,9073,662
Saint Lucia,2013,9000,662
Saint Lucia,2014,8561,662
Saint Lucia,2015,8221,662
Saint Lucia,2016,8761,662
Saint Lucia,2017,9244,662
Saint Lucia,2018,9086,662
Saint Vincent and the Grenadines,1995,4002,670
Saint Vincent and the Grenadines,1996,4002,670
Saint Vincent and the Grenadines,1997,4002,670
Saint Vincent and the Grenadines,1998,4002,670
Saint Vincent and the Grenadines,1999,4002,670
Saint Vincent and the Grenadines,2000,4501,670
Saint Vincent and the Grenadines,2001,4501,670
Saint Vincent and the Grenadines,2002,4501,670
Saint Vincent and the Grenadines,2003,4501,670
Saint Vincent and the Grenadines,2004,4501,670
Saint Vincent and the Grenadines,2005,6011,670
Saint Vincent and the Grenadines,2006,6011,670
Saint Vincent and the Grenadines,2007,6011,670
Saint Vincent and the Grenadines,2008,6011,670
Saint Vincent and the Grenadines,2009,6011,670
Saint Vincent and the Grenadines,2010,6965,670
Saint Vincent and the Grenadines,2011,7274,670
Saint Vincent and the Grenadines,2012,7326,670
Saint Vincent and the Grenadines,2013,7296,670
Saint Vincent and the Grenadines,2014,7689,670
Saint Vincent and the Grenadines,2015,8227,670
Saint Vincent and the Grenadines,2016,8491,670
Saint Vincent and the Grenadines,2017,8480,670
Saint Vincent and the Grenadines,2018,8615,670
Samoa,1995,1819,882
Samoa,1996,1819,882
Samoa,1997,1819,882
Samoa,1998,1819,882
Samoa,1999,1819,882
Samoa,2000,2257,882
Samoa,2001,2257,882
Samoa,2002,2257,882
Samoa,2003,2257,882
Samoa,2004,2257,882
Samoa,2005,3054,882
Samoa,2006,3054,882
Samoa,2007,3054,882
Samoa,2008,3054,882
Samoa,2009,3054,882
Samoa,2010,3713,882
Samoa,2011,3868,882
Samoa,2012,3761,882
Samoa,2013,3656,882
Samoa,2014,3570,882
Samoa,2015,3663,882
Samoa,2016,3892,882
Samoa,2017,3948,882
Samoa,2018,3955,882
Sao Tome and Principe,1995,942,678
Sao Tome and Principe,1996,942,678
Sao Tome and Principe,1997,942,678
Sao Tome and Principe,1998,942,678
Sao Tome and Principe,1999,942,678
Sao Tome and Principe,2000,985,678
Sao Tome and Principe,2001,985,678
Sao Tome and Principe,2002,985,678
Sao Tome and Principe,2003,985,678
Sao Tome and Principe,2004,985,678
Sao Tome and Principe,2005,1265,678
Sao Tome and Principe,2006,1265,678
Sao Tome and Principe,2007,1265,678
Sao Tome and Principe,2008,1265,678
Sao Tome and Principe,2009,1265,678
Sao Tome and Principe,2010,1633,678
Sao Tome and Principe,2011,1608,678
Sao Tome and Principe,2012,1612,678
Sao Tome and Principe,2013,1755,678
Sao Tome and Principe,2014,1787,678
Sao Tome and Principe,2015,1808,678
Sao Tome and Principe,2016,1882,678
Sao Tome and Principe,2017,1929,678
Sao Tome and Principe,2018,1885,678
Saudi Arabia,1995,9243,682
Saudi Arabia,1996,9243,682
Saudi Arabia,1997,9243,682
Saudi Arabia,1998,9243,682
Saudi Arabia,1999,9243,682
Saudi Arabia,2000,10299,682
Saudi Arabia,2001,10299,682
Saudi Arabia,2002,10299,682
Saudi Arabia,2003,10299,682
Saudi Arabia,2004,10299,682
Saudi Arabia,2005,13991,682
Saudi Arabia,2006,13991,682
Saudi Arabia,2007,13991,682
Saudi Arabia,2008,13991,682
Saudi Arabia,2009,13991,682
Saudi Arabia,2010,14358,682
Saudi Arabia,2011,16880,682
Saudi Arabia,2012,18254,682
Saudi Arabia,2013,17652,682
Saudi Arabia,2014,18248,682
Saudi Arabia,2015,18180,682
Saudi Arabia,2016,18762,682
Saudi Arabia,2017,18196,682
Saudi Arabia,2018,18169,682
Senegal,1995,1104,686
Senegal,1996,1104,686
Senegal,1997,1104,686
Senegal,1998,1104,686
Senegal,1999,1104,686
Senegal,2000,1270,686
Senegal,2001,1270,686
Senegal,2002,1270,686
Senegal,2003,1270,686
Senegal,2004,1270,686
Senegal,2005,1477,686
Senegal,2006,1477,686
Senegal,2007,1477,686
Senegal,2008,1477,686
Senegal,2009,1477,686
Senegal,2010,1699,686
Senegal,2011,1688,686
Senegal,2012,1749,686
Senegal,2013,1772,686
Senegal,2014,1859,686
Senegal,2015,1944,686
Senegal,2016,2003,686
Senegal,2017,2091,686
Senegal,2018,2172,686
Serbia,1995,5191,688
Serbia,1996,5191,688
Serbia,1997,5191,688
Serbia,1998,5191,688
Serbia,1999,5191,688
Serbia,2000,5628,688
Serbia,2001,5628,688
Serbia,2002,5628,688
Serbia,2003,5628,688
Serbia,2004,5628,688
Serbia,2005,7576,688
Serbia,2006,7576,688
Serbia,2007,7576,688
Serbia,2008,7576,688
Serbia,2009,7576,688
Serbia,2010,11024,688
Serbia,2011,10812,688
Serbia,2012,10602,688
Serbia,2013,11220,688
Serbia,2014,10903,688
Serbia,2015,11081,688
Serbia,2016,11528,688
Serbia,2017,11772,688
Serbia,2018,12551,688
Sierra Leone,1995,758,694
Sierra Leone,1996,758,694
Sierra Leone,1997,758,694
Sierra Leone,1998,758,694
Sierra Leone,1999,758,694
Sierra Leone,2000,756,694
Sierra Leone,2001,756,694
Sierra Leone,2002,756,694
Sierra Leone,2003,756,694
Sierra Leone,2004,756,694
Sierra Leone,2005,895,694
Sierra Leone,2006,895,694
Sierra Leone,2007,895,694
Sierra Leone,2008,895,694
Sierra Leone,2009,895,694
Sierra Leone,2010,1089,694
Sierra Leone,2011,1103,694
Sierra Leone,2012,1301,694
Sierra Leone,2013,1480,694
Sierra Leone,2014,1490,694
Sierra Leone,2015,1163,694
Sierra Leone,2016,1097,694
Sierra Leone,2017,1220,694
Sierra Leone,2018,1238,694
Singapore,1995,29558,702
Singapore,1996,29558,702
Singapore,1997,29558,702
Singapore,1998,29558,702
Singapore,1999,29558,702
Singapore,2000,34833,702
Singapore,2001,34833,702
Singapore,2002,34833,702
Singapore,2003,34833,702
Singapore,2004,34833,702
Singapore,2005,40351,702
Singapore,2006,40351,702
Singapore,2007,40351,702
Singapore,2008,40351,702
Singapore,2009,40351,702
Singapore,2010,54468,702
Singapore,2011,63557,702
Singapore,2012,64012,702
Singapore,2013,65753,702
Singapore,2014,68933,702
Singapore,2015,69393,702
Singapore,2016,70026,702
Singapore,2017,72553,702
Singapore,2018,74594,702
Slovakia,1995,9760,703
Slovakia,1996,9760,703
Slovakia,1997,9760,703
Slovakia,1998,9760,703
Slovakia,1999,9760,703
Slovakia,2000,11639,703
Slovakia,2001,11639,703
Slovakia,2002,11639,703
Slovakia,2003,11639,703
Slovakia,2004,11639,703
Slovakia,2005,14549,703
Slovakia,2006,14549,703
Slovakia,2007,14549,703
Slovakia,2008,14549,703
Slovakia,2009,14549,703
Slovakia,2010,18461,703
Slovakia,2011,18232,703
Slovakia,2012,18936,703
Slovakia,2013,19753,703
Slovakia,2014,20110,703
Slovakia,2015,21057,703
Slovakia,2016,22014,703
Slovakia,2017,22784,703
Slovakia,2018,23684,703
Slovenia,1995,14176,705
Slovenia,1996,14176,705
Slovenia,1997,14176,705
Slovenia,1998,14176,705
Slovenia,1999,14176,705
Slovenia,2000,17326,705
Slovenia,2001,17326,705
Slovenia,2002,17326,705
Slovenia,2003,17326,705
Slovenia,2004,17326,705
Slovenia,2005,23681,705
Slovenia,2006,23681,705
Slovenia,2007,23681,705
Slovenia,2008,23681,705
Slovenia,2009,23681,705
Slovenia,2010,24905,705
Slovenia,2011,25167,705
Slovenia,2012,24516,705
Slovenia,2013,23538,705
Slovenia,2014,24492,705
Slovenia,2015,24886,705
Slovenia,2016,26081,705
Slovenia,2017,27557,705
Slovenia,2018,28833,705
Solomon Islands,1995,1091,90
Solomon Islands,1996,1091,90
Solomon Islands,1997,1091,90
Solomon Islands,1998,1091,90
Solomon Islands,1999,1091,90
Solomon Islands,2000,1344,90
Solomon Islands,2001,1344,90
Solomon Islands,2002,1344,90
Solomon Islands,2003,1344,90
Solomon Islands,2004,1344,90
Solomon Islands,2005,1255,90
Solomon Islands,2006,1255,90
Solomon Islands,2007,1255,90
Solomon Islands,2008,1255,90
Solomon Islands,2009,1255,90
Solomon Islands,2010,1065,90
Solomon Islands,2011,1152,90
Solomon Islands,2012,1431,90
Solomon Islands,2013,1522,90
Solomon Islands,2014,1527,90
Solomon Islands,2015,1568,90
Solomon Islands,2016,1532,90
Solomon Islands,2017,1525,90
Solomon Islands,2018,1569,90
South Africa,1995,6414,710
South Africa,1996,6414,710
South Africa,1997,6414,710
South Africa,1998,6414,710
South Africa,1999,6414,710
South Africa,2000,7133,710
South Africa,2001,7133,710
South Africa,2002,7133,710
South Africa,2003,7133,710
South Africa,2004,7133,710
South Africa,2005,7981,710
South Africa,2006,7981,710
South Africa,2007,7981,710
South Africa,2008,7981,710
South Africa,2009,7981,710
South Africa,2010,8818,710
South Africa,2011,9041,710
South Africa,2012,9240,710
South Africa,2013,9294,710
South Africa,2014,9323,710
South Africa,2015,9204,710
South Africa,2016,9082,710
South Africa,2017,9123,710
South Africa,2018,9036,710
South Sudan,1995,NULL,728
South Sudan,1996,NULL,728
South Sudan,1997,NULL,728
South Sudan,1998,NULL,728
South Sudan,1999,NULL,728
South Sudan,2000,NULL,728
South Sudan,2001,NULL,728
South Sudan,2002,NULL,728
South Sudan,2003,NULL,728
South Sudan,2004,NULL,728
South Sudan,2005,NULL,728
South Sudan,2006,NULL,728
South Sudan,2007,NULL,728
South Sudan,2008,NULL,728
South Sudan,2009,NULL,728
South Sudan,2010,2089,728
South Sudan,2011,2058,728
South Sudan,2012,1935,728
South Sudan,2013,2060,728
South Sudan,2014,2011,728
South Sudan,2015,1831,728
South Sudan,2016,1476,728
South Sudan,2017,1331,728
South Sudan,2018,1277,728
Spain,1995,15336,724
Spain,1996,15336,724
Spain,1997,15336,724
Spain,1998,15336,724
Spain,1999,15336,724
Spain,2000,19245,724
Spain,2001,19245,724
Spain,2002,19245,724
Spain,2003,19245,724
Spain,2004,19245,724
Spain,2005,22545,724
Spain,2006,22545,724
Spain,2007,22545,724
Spain,2008,22545,724
Spain,2009,22545,724
Spain,2010,24192,724
Spain,2011,24114,724
Spain,2012,23689,724
Spain,2013,23658,724
Spain,2014,23986,724
Spain,2015,25237,724
Spain,2016,26729,724
Spain,2017,27374,724
Spain,2018,28085,724
Sri Lanka,1995,2366,144
Sri Lanka,1996,2366,144
Sri Lanka,1997,2366,144
Sri Lanka,1998,2366,144
Sri Lanka,1999,2366,144
Sri Lanka,2000,2938,144
Sri Lanka,2001,2938,144
Sri Lanka,2002,2938,144
Sri Lanka,2003,2938,144
Sri Lanka,2004,2938,144
Sri Lanka,2005,3688,144
Sri Lanka,2006,3688,144
Sri Lanka,2007,3688,144
Sri Lanka,2008,3688,144
Sri Lanka,2009,3688,144
Sri Lanka,2010,4678,144
Sri Lanka,2011,5134,144
Sri Lanka,2012,5366,144
Sri Lanka,2013,5754,144
Sri Lanka,2014,6037,144
Sri Lanka,2015,6400,144
Sri Lanka,2016,6386,144
Sri Lanka,2017,6619,144
Sri Lanka,2018,6766,144
Sudan,1995,807,729
Sudan,1996,807,729
Sudan,1997,807,729
Sudan,1998,807,729
Sudan,1999,807,729
Sudan,2000,929,729
Sudan,2001,929,729
Sudan,2002,929,729
Sudan,2003,929,729
Sudan,2004,929,729
Sudan,2005,1025,729
Sudan,2006,1025,729
Sudan,2007,1025,729
Sudan,2008,1025,729
Sudan,2009,1025,729
Sudan,2010,1290,729
Sudan,2011,1455,729
Sudan,2012,1583,729
Sudan,2013,1143,729
Sudan,2014,1623,729
Sudan,2015,1699,729
Sudan,2016,1757,729
Sudan,2017,1820,729
Sudan,2018,1759,729
Suriname,1995,5166,740
Suriname,1996,5166,740
Suriname,1997,5166,740
Suriname,1998,5166,740
Suriname,1999,5166,740
Suriname,2000,5267,740
Suriname,2001,5267,740
Suriname,2002,5267,740
Suriname,2003,5267,740
Suriname,2004,5267,740
Suriname,2005,7012,740
Suriname,2006,7012,740
Suriname,2007,7012,740
Suriname,2008,7012,740
Suriname,2009,7012,740
Suriname,2010,9130,740
Suriname,2011,9321,740
Suriname,2012,9732,740
Suriname,2013,10156,740
Suriname,2014,10171,740
Suriname,2015,9722,740
Suriname,2016,8519,740
Suriname,2017,7752,740
Suriname,2018,7953,740
Sweden,1995,25225,752
Sweden,1996,25225,752
Sweden,1997,25225,752
Sweden,1998,25225,752
Sweden,1999,25225,752
Sweden,2000,29658,752
Sweden,2001,29658,752
Sweden,2002,29658,752
Sweden,2003,29658,752
Sweden,2004,29658,752
Sweden,2005,33562,752
Sweden,2006,33562,752
Sweden,2007,33562,752
Sweden,2008,33562,752
Sweden,2009,33562,752
Sweden,2010,36632,752
Sweden,2011,37279,752
Sweden,2012,38450,752
Sweden,2013,38628,752
Sweden,2014,39261,752
Sweden,2015,40332,752
Sweden,2016,40739,752
Sweden,2017,41396,752
Sweden,2018,41923,752
Switzerland,1995,33472,756
Switzerland,1996,33472,756
Switzerland,1997,33472,756
Switzerland,1998,33472,756
Switzerland,1999,33472,756
Switzerland,2000,39563,756
Switzerland,2001,39563,756
Switzerland,2002,39563,756
Switzerland,2003,39563,756
Switzerland,2004,39563,756
Switzerland,2005,43361,756
Switzerland,2006,43361,756
Switzerland,2007,43361,756
Switzerland,2008,43361,756
Switzerland,2009,43361,756
Switzerland,2010,45863,756
Switzerland,2011,44212,756
Switzerland,2012,47458,756
Switzerland,2013,47947,756
Switzerland,2014,47478,756
Switzerland,2015,48627,756
Switzerland,2016,48276,756
Switzerland,2017,47481,756
Switzerland,2018,49279,756
Tajikistan,1995,806,762
Tajikistan,1996,806,762
Tajikistan,1997,806,762
Tajikistan,1998,806,762
Tajikistan,1999,806,762
Tajikistan,2000,759,762
Tajikistan,2001,759,762
Tajikistan,2002,759,762
Tajikistan,2003,759,762
Tajikistan,2004,759,762
Tajikistan,2005,1124,762
Tajikistan,2006,1124,762
Tajikistan,2007,1124,762
Tajikistan,2008,1124,762
Tajikistan,2009,1124,762
Tajikistan,2010,878,762
Tajikistan,2011,918,762
Tajikistan,2012,952,762
Tajikistan,2013,999,762
Tajikistan,2014,969,762
Tajikistan,2015,947,762
Tajikistan,2016,964,762
Tajikistan,2017,984,762
Tajikistan,2018,1044,762
Thailand,1995,6976,764
Thailand,1996,6976,764
Thailand,1997,6976,764
Thailand,1998,6976,764
Thailand,1999,6976,764
Thailand,2000,6913,764
Thailand,2001,6913,764
Thailand,2002,6913,764
Thailand,2003,6913,764
Thailand,2004,6913,764
Thailand,2005,8444,764
Thailand,2006,8444,764
Thailand,2007,8444,764
Thailand,2008,8444,764
Thailand,2009,8444,764
Thailand,2010,10895,764
Thailand,2011,11675,764
Thailand,2012,12206,764
Thailand,2013,12302,764
Thailand,2014,12342,764
Thailand,2015,12811,764
Thailand,2016,13308,764
Thailand,2017,13817,764
Thailand,2018,14320,764
Togo,1995,975,768
Togo,1996,975,768
Togo,1997,975,768
Togo,1998,975,768
Togo,1999,975,768
Togo,2000,1057,768
Togo,2001,1057,768
Togo,2002,1057,768
Togo,2003,1057,768
Togo,2004,1057,768
Togo,2005,990,768
Togo,2006,990,768
Togo,2007,990,768
Togo,2008,990,768
Togo,2009,990,768
Togo,2010,990,768
Togo,2011,1060,768
Togo,2012,1058,768
Togo,2013,1099,768
Togo,2014,1139,768
Togo,2015,1158,768
Togo,2016,1164,768
Togo,2017,1178,768
Togo,2018,1200,768
Tonga,1995,2709,776
Tonga,1996,2709,776
Tonga,1997,2709,776
Tonga,1998,2709,776
Tonga,1999,2709,776
Tonga,2000,2783,776
Tonga,2001,2783,776
Tonga,2002,2783,776
Tonga,2003,2783,776
Tonga,2004,2783,776
Tonga,2005,3266,776
Tonga,2006,3266,776
Tonga,2007,3266,776
Tonga,2008,3266,776
Tonga,2009,3266,776
Tonga,2010,3444,776
Tonga,2011,3540,776
Tonga,2012,3601,776
Tonga,2013,3410,776
Tonga,2014,3442,776
Tonga,2015,3589,776
Tonga,2016,3844,776
Tonga,2017,3952,776
Tonga,2018,3816,776
Trinidad and Tobago,1995,7420,780
Trinidad and Tobago,1996,7420,780
Trinidad and Tobago,1997,7420,780
Trinidad and Tobago,1998,7420,780
Trinidad and Tobago,1999,7420,780
Trinidad and Tobago,2000,10758,780
Trinidad and Tobago,2001,10758,780
Trinidad and Tobago,2002,10758,780
Trinidad and Tobago,2003,10758,780
Trinidad and Tobago,2004,10758,780
Trinidad and Tobago,2005,17544,780
Trinidad and Tobago,2006,17544,780
Trinidad and Tobago,2007,17544,780
Trinidad and Tobago,2008,17544,780
Trinidad and Tobago,2009,17544,780
Trinidad and Tobago,2010,23133,780
Trinidad and Tobago,2011,21429,780
Trinidad and Tobago,2012,22127,780
Trinidad and Tobago,2013,23467,780
Trinidad and Tobago,2014,22934,780
Trinidad and Tobago,2015,24225,780
Trinidad and Tobago,2016,22620,780
Trinidad and Tobago,2017,22415,780
Trinidad and Tobago,2018,22266,780
Tunisia,1995,2231,788
Tunisia,1996,2231,788
Tunisia,1997,2231,788
Tunisia,1998,2231,788
Tunisia,1999,2231,788
Tunisia,2000,2910,788
Tunisia,2001,2910,788
Tunisia,2002,2910,788
Tunisia,2003,2910,788
Tunisia,2004,2910,788
Tunisia,2005,3539,788
Tunisia,2006,3539,788
Tunisia,2007,3539,788
Tunisia,2008,3539,788
Tunisia,2009,3539,788
Tunisia,2010,4485,788
Tunisia,2011,4316,788
Tunisia,2012,4544,788
Tunisia,2013,4630,788
Tunisia,2014,4734,788
Tunisia,2015,4734,788
Tunisia,2016,4717,788
Tunisia,2017,4702,788
Tunisia,2018,4737,788
Turkey,1995,5704,792
Turkey,1996,5704,792
Turkey,1997,5704,792
Turkey,1998,5704,792
Turkey,1999,5704,792
Turkey,2000,6006,792
Turkey,2001,6006,792
Turkey,2002,6006,792
Turkey,2003,6006,792
Turkey,2004,6006,792
Turkey,2005,6638,792
Turkey,2006,6638,792
Turkey,2007,6638,792
Turkey,2008,6638,792
Turkey,2009,6638,792
Turkey,2010,10245,792
Turkey,2011,11481,792
Turkey,2012,12095,792
Turkey,2013,13009,792
Turkey,2014,13385,792
Turkey,2015,14252,792
Turkey,2016,14728,792
Turkey,2017,15796,792
Turkey,2018,15920,792
Turkmenistan,1995,3218,795
Turkmenistan,1996,3218,795
Turkmenistan,1997,3218,795
Turkmenistan,1998,3218,795
Turkmenistan,1999,3218,795
Turkmenistan,2000,3493,795
Turkmenistan,2001,3493,795
Turkmenistan,2002,3493,795
Turkmenistan,2003,3493,795
Turkmenistan,2004,3493,795
Turkmenistan,2005,4230,795
Turkmenistan,2006,4230,795
Turkmenistan,2007,4230,795
Turkmenistan,2008,4230,795
Turkmenistan,2009,4230,795
Turkmenistan,2010,6595,795
Turkmenistan,2011,7320,795
Turkmenistan,2012,7997,795
Turkmenistan,2013,8710,795
Turkmenistan,2014,9376,795
Turkmenistan,2015,10135,795
Turkmenistan,2016,10937,795
Turkmenistan,2017,11263,795
Turkmenistan,2018,11745,795
Uganda,1995,708,800
Uganda,1996,708,800
Uganda,1997,708,800
Uganda,1998,708,800
Uganda,1999,708,800
Uganda,2000,824,800
Uganda,2001,824,800
Uganda,2002,824,800
Uganda,2003,824,800
Uganda,2004,824,800
Uganda,2005,971,800
Uganda,2006,971,800
Uganda,2007,971,800
Uganda,2008,971,800
Uganda,2009,971,800
Uganda,2010,1117,800
Uganda,2011,1187,800
Uganda,2012,1190,800
Uganda,2013,1187,800
Uganda,2014,1210,800
Uganda,2015,1237,800
Uganda,2016,1252,800
Uganda,2017,1253,800
Uganda,2018,1273,800
Ukraine,1995,3941,804
Ukraine,1996,3941,804
Ukraine,1997,3941,804
Ukraine,1998,3941,804
Ukraine,1999,3941,804
Ukraine,2000,3445,804
Ukraine,2001,3445,804
Ukraine,2002,3445,804
Ukraine,2003,3445,804
Ukraine,2004,3445,804
Ukraine,2005,5317,804
Ukraine,2006,5317,804
Ukraine,2007,5317,804
Ukraine,2008,5317,804
Ukraine,2009,5317,804
Ukraine,2010,6010,804
Ukraine,2011,6113,804
Ukraine,2012,6242,804
Ukraine,2013,6292,804
Ukraine,2014,6178,804
Ukraine,2015,5605,804
Ukraine,2016,5769,804
Ukraine,2017,5822,804
Ukraine,2018,6063,804
United Arab Emirates,1995,28376,784
United Arab Emirates,1996,28376,784
United Arab Emirates,1997,28376,784
United Arab Emirates,1998,28376,784
United Arab Emirates,1999,28376,784
United Arab Emirates,2000,31054,784
United Arab Emirates,2001,31054,784
United Arab Emirates,2002,31054,784
United Arab Emirates,2003,31054,784
United Arab Emirates,2004,31054,784
United Arab Emirates,2005,29495,784
United Arab Emirates,2006,29495,784
United Arab Emirates,2007,29495,784
United Arab Emirates,2008,29495,784
United Arab Emirates,2009,29495,784
United Arab Emirates,2010,18427,784
United Arab Emirates,2011,18951,784
United Arab Emirates,2012,19400,784
United Arab Emirates,2013,20320,784
United Arab Emirates,2014,21139,784
United Arab Emirates,2015,22366,784
United Arab Emirates,2016,23284,784
United Arab Emirates,2017,23975,784
United Arab Emirates,2018,24212,784
United Kingdom,1995,19788,826
United Kingdom,1996,19788,826
United Kingdom,1997,19788,826
United Kingdom,1998,19788,826
United Kingdom,1999,19788,826
United Kingdom,2000,24606,826
United Kingdom,2001,24606,826
United Kingdom,2002,24606,826
United Kingdom,2003,24606,826
United Kingdom,2004,24606,826
United Kingdom,2005,29174,826
United Kingdom,2006,29174,826
United Kingdom,2007,29174,826
United Kingdom,2008,29174,826
United Kingdom,2009,29174,826
United Kingdom,2010,25169,826
United Kingdom,2011,25464,826
United Kingdom,2012,25564,826
United Kingdom,2013,25686,826
United Kingdom,2014,26358,826
United Kingdom,2015,27230,826
United Kingdom,2016,27551,826
United Kingdom,2017,28294,826
United Kingdom,2018,28525,826
United States,1995,29652,840
United States,1996,29652,840
United States,1997,29652,840
United States,1998,29652,840
United States,1999,29652,840
United States,2000,34938,840
United States,2001,34938,840
United States,2002,34938,840
United States,2003,34938,840
United States,2004,34938,840
United States,2005,38255,840
United States,2006,38255,840
United States,2007,38255,840
United States,2008,38255,840
United States,2009,38255,840
United States,2010,39951,840
United States,2011,40302,840
United States,2012,40766,840
United States,2013,41145,840
United States,2014,41918,840
United States,2015,42658,840
United States,2016,42986,840
United States,2017,43866,840
United States,2018,44462,840
Uruguay,1995,7633,858
Uruguay,1996,7633,858
Uruguay,1997,7633,858
Uruguay,1998,7633,858
Uruguay,1999,7633,858
Uruguay,2000,9041,858
Uruguay,2001,9041,858
Uruguay,2002,9041,858
Uruguay,2003,9041,858
Uruguay,2004,9041,858
Uruguay,2005,9015,858
Uruguay,2006,9015,858
Uruguay,2007,9015,858
Uruguay,2008,9015,858
Uruguay,2009,9015,858
Uruguay,2010,11850,858
Uruguay,2011,12691,858
Uruguay,2012,12668,858
Uruguay,2013,13260,858
Uruguay,2014,13597,858
Uruguay,2015,13982,858
Uruguay,2016,14698,858
Uruguay,2017,14858,858
Uruguay,2018,14902,858
Uzbekistan,1995,1566,860
Uzbekistan,1996,1566,860
Uzbekistan,1997,1566,860
Uzbekistan,1998,1566,860
Uzbekistan,1999,1566,860
Uzbekistan,2000,1742,860
Uzbekistan,2001,1742,860
Uzbekistan,2002,1742,860
Uzbekistan,2003,1742,860
Uzbekistan,2004,1742,860
Uzbekistan,2005,2170,860
Uzbekistan,2006,2170,860
Uzbekistan,2007,2170,860
Uzbekistan,2008,2170,860
Uzbekistan,2009,2170,860
Uzbekistan,2010,3185,860
Uzbekistan,2011,3378,860
Uzbekistan,2012,3615,860
Uzbekistan,2013,3878,860
Uzbekistan,2014,4033,860
Uzbekistan,2015,4161,860
Uzbekistan,2016,4308,860
Uzbekistan,2017,4464,860
Uzbekistan,2018,4657,860
Vanuatu,1995,1780,548
Vanuatu,1996,1780,548
Vanuatu,1997,1780,548
Vanuatu,1998,1780,548
Vanuatu,1999,1780,548
Vanuatu,2000,1973,548
Vanuatu,2001,1973,548
Vanuatu,2002,1973,548
Vanuatu,2003,1973,548
Vanuatu,2004,1973,548
Vanuatu,2005,1786,548
Vanuatu,2006,1786,548
Vanuatu,2007,1786,548
Vanuatu,2008,1786,548
Vanuatu,2009,1786,548
Vanuatu,2010,2214,548
Vanuatu,2011,2200,548
Vanuatu,2012,2118,548
Vanuatu,2013,2207,548
Vanuatu,2014,2196,548
Vanuatu,2015,2084,548
Vanuatu,2016,2125,548
Vanuatu,2017,2192,548
Vanuatu,2018,2185,548
Yemen,1995,552,887
Yemen,1996,552,887
Yemen,1997,552,887
Yemen,1998,552,887
Yemen,1999,552,887
Yemen,2000,970,887
Yemen,2001,970,887
Yemen,2002,970,887
Yemen,2003,970,887
Yemen,2004,970,887
Yemen,2005,842,887
Yemen,2006,842,887
Yemen,2007,842,887
Yemen,2008,842,887
Yemen,2009,842,887
Yemen,2010,808,887
Yemen,2011,761,887
Yemen,2012,592,887
Yemen,2013,467,887
Yemen,2014,411,887
Yemen,2015,328,887
Yemen,2016,238,887
Yemen,2017,182,887
Yemen,2018,168,887
Zambia,1995,1534,894
Zambia,1996,1534,894
Zambia,1997,1534,894
Zambia,1998,1534,894
Zambia,1999,1534,894
Zambia,2000,1636,894
Zambia,2001,1636,894
Zambia,2002,1636,894
Zambia,2003,1636,894
Zambia,2004,1636,894
Zambia,2005,1858,894
Zambia,2006,1858,894
Zambia,2007,1858,894
Zambia,2008,1858,894
Zambia,2009,1858,894
Zambia,2010,2580,894
Zambia,2011,2695,894
Zambia,2012,2921,894
Zambia,2013,2896,894
Zambia,2014,3015,894
Zambia,2015,3024,894
Zambia,2016,3035,894
Zambia,2017,2985,894
Zambia,2018,3011,894
Zimbabwe,1995,2003,716
Zimbabwe,1996,2003,716
Zimbabwe,1997,2003,716
Zimbabwe,1998,2003,716
Zimbabwe,1999,2003,716
Zimbabwe,2000,2143,716
Zimbabwe,2001,2143,716
Zimbabwe,2002,2143,716
Zimbabwe,2003,2143,716
Zimbabwe,2004,2143,716
Zimbabwe,2005,1484,716
Zimbabwe,2006,1484,716
Zimbabwe,2007,1484,716
Zimbabwe,2008,1484,716
Zimbabwe,2009,1484,716
Zimbabwe,2010,1443,716
Zimbabwe,2011,1590,716
Zimbabwe,2012,1845,716
Zimbabwe,2013,1915,716
Zimbabwe,2014,1933,716
Zimbabwe,2015,1905,716
Zimbabwe,2016,1922,716
Zimbabwe,2017,1986,716
Zimbabwe,2018,2280,716
Andorra,1995,NULL,20
Andorra,1996,NULL,20
Andorra,1997,NULL,20
Andorra,1998,NULL,20
Andorra,1999,NULL,20
Andorra,2000,NULL,20
Andorra,2001,NULL,20
Andorra,2002,NULL,20
Andorra,2003,NULL,20
Andorra,2004,NULL,20
Andorra,2005,NULL,20
Andorra,2006,NULL,20
Andorra,2007,NULL,20
Andorra,2008,NULL,20
Andorra,2009,NULL,20
Andorra,2010,NULL,20
Andorra,2011,NULL,20
Andorra,2012,NULL,20
Andorra,2013,NULL,20
Andorra,2014,NULL,20
Andorra,2015,NULL,20
Andorra,2016,NULL,20
Andorra,2017,NULL,20
Andorra,2018,NULL,20
Antigua and Barbuda,1995,NULL,28
Antigua and Barbuda,1996,NULL,28
Antigua and Barbuda,1997,NULL,28
Antigua and Barbuda,1998,NULL,28
Antigua and Barbuda,1999,NULL,28
Antigua and Barbuda,2000,NULL,28
Antigua and Barbuda,2001,NULL,28
Antigua and Barbuda,2002,NULL,28
Antigua and Barbuda,2003,NULL,28
Antigua and Barbuda,2004,NULL,28
Antigua and Barbuda,2005,NULL,28
Antigua and Barbuda,2006,NULL,28
Antigua and Barbuda,2007,NULL,28
Antigua and Barbuda,2008,NULL,28
Antigua and Barbuda,2009,NULL,28
Antigua and Barbuda,2010,NULL,28
Antigua and Barbuda,2011,NULL,28
Antigua and Barbuda,2012,NULL,28
Antigua and Barbuda,2013,NULL,28
Antigua and Barbuda,2014,NULL,28
Antigua and Barbuda,2015,NULL,28
Antigua and Barbuda,2016,NULL,28
Antigua and Barbuda,2017,NULL,28
Antigua and Barbuda,2018,NULL,28
Dominica,1995,NULL,212
Dominica,1996,NULL,212
Dominica,1997,NULL,212
Dominica,1998,NULL,212
Dominica,1999,NULL,212
Dominica,2000,NULL,212
Dominica,2001,NULL,212
Dominica,2002,NULL,212
Dominica,2003,NULL,212
Dominica,2004,NULL,212
Dominica,2005,NULL,212
Dominica,2006,NULL,212
Dominica,2007,NULL,212
Dominica,2008,NULL,212
Dominica,2009,NULL,212
Dominica,2010,NULL,212
Dominica,2011,NULL,212
Dominica,2012,NULL,212
Dominica,2013,NULL,212
Dominica,2014,NULL,212
Dominica,2015,NULL,212
Dominica,2016,NULL,212
Dominica,2017,NULL,212
Dominica,2018,NULL,212
Grenada,1995,NULL,308
Grenada,1996,NULL,308
Grenada,1997,NULL,308
Grenada,1998,NULL,308
Grenada,1999,NULL,308
Grenada,2000,NULL,308
Grenada,2001,NULL,308
Grenada,2002,NULL,308
Grenada,2003,NULL,308
Grenada,2004,NULL,308
Grenada,2005,NULL,308
Grenada,2006,NULL,308
Grenada,2007,NULL,308
Grenada,2008,NULL,308
Grenada,2009,NULL,308
Grenada,2010,NULL,308
Grenada,2011,NULL,308
Grenada,2012,NULL,308
Grenada,2013,NULL,308
Grenada,2014,NULL,308
Grenada,2015,NULL,308
Grenada,2016,NULL,308
Grenada,2017,NULL,308
Grenada,2018,NULL,308
Kiribati,1995,NULL,296
Kiribati,1996,NULL,296
Kiribati,1997,NULL,296
Kiribati,1998,NULL,296
Kiribati,1999,NULL,296
Kiribati,2000,NULL,296
Kiribati,2001,NULL,296
Kiribati,2002,NULL,296
Kiribati,2003,NULL,296
Kiribati,2004,NULL,296
Kiribati,2005,NULL,296
Kiribati,2006,NULL,296
Kiribati,2007,NULL,296
Kiribati,2008,NULL,296
Kiribati,2009,NULL,296
Kiribati,2010,NULL,296
Kiribati,2011,NULL,296
Kiribati,2012,NULL,296
Kiribati,2013,NULL,296
Kiribati,2014,NULL,296
Kiribati,2015,NULL,296
Kiribati,2016,NULL,296
Kiribati,2017,NULL,296
Kiribati,2018,NULL,296
Saint Kitts and Nevis,1995,NULL,659
Saint Kitts and Nevis,1996,NULL,659
Saint Kitts and Nevis,1997,NULL,659
Saint Kitts and Nevis,1998,NULL,659
Saint Kitts and Nevis,1999,NULL,659
Saint Kitts and Nevis,2000,NULL,659
Saint Kitts and Nevis,2001,NULL,659
Saint Kitts and Nevis,2002,NULL,659
Saint Kitts and Nevis,2003,NULL,659
Saint Kitts and Nevis,2004,NULL,659
Saint Kitts and Nevis,2005,NULL,659
Saint Kitts and Nevis,2006,NULL,659
Saint Kitts and Nevis,2007,NULL,659
Saint Kitts and Nevis,2008,NULL,659
Saint Kitts and Nevis,2009,NULL,659
Saint Kitts and Nevis,2010,NULL,659
Saint Kitts and Nevis,2011,NULL,659
Saint Kitts and Nevis,2012,NULL,659
Saint Kitts and Nevis,2013,NULL,659
Saint Kitts and Nevis,2014,NULL,659
Saint Kitts and Nevis,2015,NULL,659
Saint Kitts and Nevis,2016,NULL,659
Saint Kitts and Nevis,2017,NULL,659
Saint Kitts and Nevis,2018,NULL,659
Liechtenstein,1995,NULL,438
Liechtenstein,1996,NULL,438
Liechtenstein,1997,NULL,438
Liechtenstein,1998,NULL,438
Liechtenstein,1999,NULL,438
Liechtenstein,2000,NULL,438
Liechtenstein,2001,NULL,438
Liechtenstein,2002,NULL,438
Liechtenstein,2003,NULL,438
Liechtenstein,2004,NULL,438
Liechtenstein,2005,NULL,438
Liechtenstein,2006,NULL,438
Liechtenstein,2007,NULL,438
Liechtenstein,2008,NULL,438
Liechtenstein,2009,NULL,438
Liechtenstein,2010,NULL,438
Liechtenstein,2011,NULL,438
Liechtenstein,2012,NULL,438
Liechtenstein,2013,NULL,438
Liechtenstein,2014,NULL,438
Liechtenstein,2015,NULL,438
Liechtenstein,2016,NULL,438
Liechtenstein,2017,NULL,438
Liechtenstein,2018,NULL,438
Marshall Islands,1995,NULL,584
Marshall Islands,1996,NULL,584
Marshall Islands,1997,NULL,584
Marshall Islands,1998,NULL,584
Marshall Islands,1999,NULL,584
Marshall Islands,2000,NULL,584
Marshall Islands,2001,NULL,584
Marshall Islands,2002,NULL,584
Marshall Islands,2003,NULL,584
Marshall Islands,2004,NULL,584
Marshall Islands,2005,NULL,584
Marshall Islands,2006,NULL,584
Marshall Islands,2007,NULL,584
Marshall Islands,2008,NULL,584
Marshall Islands,2009,NULL,584
Marshall Islands,2010,NULL,584
Marshall Islands,2011,NULL,584
Marshall Islands,2012,NULL,584
Marshall Islands,2013,NULL,584
Marshall Islands,2014,NULL,584
Marshall Islands,2015,NULL,584
Marshall Islands,2016,NULL,584
Marshall Islands,2017,NULL,584
Marshall Islands,2018,NULL,584
Palau,1995,NULL,585
Palau,1996,NULL,585
Palau,1997,NULL,585
Palau,1998,NULL,585
Palau,1999,NULL,585
Palau,2000,NULL,585
Palau,2001,NULL,585
Palau,2002,NULL,585
Palau,2003,NULL,585
Palau,2004,NULL,585
Palau,2005,NULL,585
Palau,2006,NULL,585
Palau,2007,NULL,585
Palau,2008,NULL,585
Palau,2009,NULL,585
Palau,2010,NULL,585
Palau,2011,NULL,585
Palau,2012,NULL,585
Palau,2013,NULL,585
Palau,2014,NULL,585
Palau,2015,NULL,585
Palau,2016,NULL,585
Palau,2017,NULL,585
Palau,2018,NULL,585
Seychelles,1995,NULL,690
Seychelles,1996,NULL,690
Seychelles,1997,NULL,690
Seychelles,1998,NULL,690
Seychelles,1999,NULL,690
Seychelles,2000,NULL,690
Seychelles,2001,NULL,690
Seychelles,2002,NULL,690
Seychelles,2003,NULL,690
Seychelles,2004,NULL,690
Seychelles,2005,NULL,690
Seychelles,2006,NULL,690
Seychelles,2007,NULL,690
Seychelles,2008,NULL,690
Seychelles,2009,NULL,690
Seychelles,2010,NULL,690
Seychelles,2011,NULL,690
Seychelles,2012,NULL,690
Seychelles,2013,NULL,690
Seychelles,2014,NULL,690
Seychelles,2015,NULL,690
Seychelles,2016,NULL,690
Seychelles,2017,NULL,690
Seychelles,2018,NULL,690
